#
# There is insufficient memory for the Java Runtime Environment to continue.
# Native memory allocation (malloc) failed to allocate 1096176 bytes. Error detail: Chunk::new
# Possible reasons:
#   The system is out of physical RAM or swap space
#   This process is running with CompressedOops enabled, and the Java Heap may be blocking the growth of the native heap
# Possible solutions:
#   Reduce memory load on the system
#   Increase physical memory or swap space
#   Check if swap backing store is full
#   Decrease Java heap size (-Xmx/-Xms)
#   Decrease number of Java threads
#   Decrease Java thread stack sizes (-Xss)
#   Set larger code cache with -XX:ReservedCodeCacheSize=
#   JVM is running with Unscaled Compressed Oops mode in which the Java heap is
#     placed in the first 4GB address space. The Java Heap base address is the
#     maximum limit for the native heap growth. Please use -XX:HeapBaseMinAddress
#     to set the Java Heap base and to place the Java Heap above 4GB virtual address.
# This output file may be truncated or incomplete.
#
#  Out of Memory Error (arena.cpp:168), pid=27112, tid=11212
#
# JRE version: OpenJDK Runtime Environment Temurin-21.0.11+10 (21.0.11+10) (build 21.0.11+10-LTS)
# Java VM: OpenJDK 64-Bit Server VM Temurin-21.0.11+10 (21.0.11+10-LTS, mixed mode, sharing, tiered, compressed oops, compressed class ptrs, g1 gc, windows-amd64)
# No core dump will be written. Minidumps are not enabled by default on client versions of Windows
#

---------------  S U M M A R Y ------------

Command Line: --add-opens=java.base/java.lang=ALL-UNNAMED --add-opens=java.base/java.lang.invoke=ALL-UNNAMED --add-opens=java.base/java.util=ALL-UNNAMED --add-opens=java.prefs/java.util.prefs=ALL-UNNAMED --add-exports=jdk.compiler/com.sun.tools.javac.api=ALL-UNNAMED --add-exports=jdk.compiler/com.sun.tools.javac.util=ALL-UNNAMED --add-opens=java.base/java.util=ALL-UNNAMED --add-opens=java.prefs/java.util.prefs=ALL-UNNAMED --add-opens=java.base/java.nio.charset=ALL-UNNAMED --add-opens=java.base/java.net=ALL-UNNAMED --add-opens=java.base/java.util.concurrent.atomic=ALL-UNNAMED --add-opens=java.xml/javax.xml.namespace=ALL-UNNAMED -XX:MaxMetaspaceSize=512m -Xmx2048m -Dfile.encoding=UTF-8 -Duser.country=PE -Duser.language=es -Duser.variant -javaagent:C:\Users\programador.02\.gradle\wrapper\dists\gradle-8.14.3-bin\cv11ve7ro1n3o1j4so8xd9n66\gradle-8.14.3\lib\agents\gradle-instrumentation-agent-8.14.3.jar org.gradle.launcher.daemon.bootstrap.GradleDaemon 8.14.3

Host: 13th Gen Intel(R) Core(TM) i7-1355U, 12 cores, 15G,  Windows 11 , 64 bit Build 26100 (10.0.26100.8972)
Time: Mon Aug 10 12:01:44 2026 Hora est. Pacífico, Sudamérica elapsed time: 45.339654 seconds (0d 0h 0m 45s)

---------------  T H R E A D  ---------------

Current thread (0x000002cd7f72edd0):  JavaThread "C2 CompilerThread0" daemon [_thread_in_native, id=11212, stack(0x000000e13e500000,0x000000e13e600000) (1024K)]


Current CompileTask:
C2:45339 16062       4       java.lang.invoke.MethodHandleImpl::makePairwiseConvertByEditor (617 bytes)

Stack: [0x000000e13e500000,0x000000e13e600000]
Native frames: (J=compiled Java code, j=interpreted, Vv=VM code, C=native code)
V  [jvm.dll+0x6d7e19]
V  [jvm.dll+0x8b5096]
V  [jvm.dll+0x8b764e]
V  [jvm.dll+0x8b7d33]
V  [jvm.dll+0x284596]
V  [jvm.dll+0xc685d]
V  [jvm.dll+0xc6da1]
V  [jvm.dll+0x2fb4ee]
V  [jvm.dll+0x5fe9a4]
V  [jvm.dll+0x255d67]
V  [jvm.dll+0x25612d]
V  [jvm.dll+0x24e6a0]
V  [jvm.dll+0x24bbe6]
V  [jvm.dll+0x1cb4ae]
V  [jvm.dll+0x25baad]
V  [jvm.dll+0x25a03a]
V  [jvm.dll+0x3f868e]
V  [jvm.dll+0x85fb0d]
V  [jvm.dll+0x6d664d]
C  [ucrtbase.dll+0x2cd30]
C  [KERNEL32.DLL+0x2ccb7]
C  [ntdll.dll+0xaad6c]


---------------  P R O C E S S  ---------------

Threads class SMR info:
_java_thread_list=0x000002cd233c3550, length=218, elements={
0x000002cd676ea3d0, 0x000002cd7f726350, 0x000002cd7f727160, 0x000002cd7f729d80,
0x000002cd7f72ab70, 0x000002cd7f72b5d0, 0x000002cd7f72c030, 0x000002cd7f72edd0,
0x000002cd7f73b650, 0x000002cd7f9b5cc0, 0x000002cd7fa71a60, 0x000002cd2273b2d0,
0x000002cd227395d0, 0x000002cd2270a740, 0x000002cd2290e3a0, 0x000002cd22774e00,
0x000002cd227527f0, 0x000002cd22754230, 0x000002cd22752160, 0x000002cd22753ba0,
0x000002cd22752e80, 0x000002cd227555e0, 0x000002cd227548c0, 0x000002cd22754f50,
0x000002cd25649530, 0x000002cd2564a8e0, 0x000002cd25648810, 0x000002cd2564af70,
0x000002cd2564b600, 0x000002cd2564bc90, 0x000002cd25649bc0, 0x000002cd2564a250,
0x000002cd22f340e0, 0x000002cd22f33a50, 0x000002cd22f34770, 0x000002cd22f34e00,
0x000002cd22f35490, 0x000002cd22f35b20, 0x000002cd22f361b0, 0x000002cd24d4c9b0,
0x000002cd24d4d040, 0x000002cd24d4bc90, 0x000002cd24d4b600, 0x000002cd24d4d6d0,
0x000002cd24d4a8e0, 0x000002cd24d4e3f0, 0x000002cd24d4f7a0, 0x000002cd24d4fe30,
0x000002cd24d504c0, 0x000002cd24d50b50, 0x000002cd24d511e0, 0x000002cd24d51870,
0x000002cd24d4ea80, 0x000002cd24d4f110, 0x000002cd24d51f00, 0x000002cd22bb4660,
0x000002cd22bb5380, 0x000002cd22bb4cf0, 0x000002cd22bb60a0, 0x000002cd22bb5a10,
0x000002cd22bb3fd0, 0x000002cd22bb6730, 0x000002cd22bb6dc0, 0x000002cd22bb3940,
0x000002cd22bba8d0, 0x000002cd22bb9520, 0x000002cd22bb7ae0, 0x000002cd22bb8800,
0x000002cd22bb7450, 0x000002cd22bbaf60, 0x000002cd22bb9bb0, 0x000002cd22bba240,
0x000002cd22bb8170, 0x000002cd22bb8e90, 0x000002cd2702d390, 0x000002cd2702e0b0,
0x000002cd2702c670, 0x000002cd2702da20, 0x000002cd2702cd00, 0x000002cd2702edd0,
0x000002cd2702bfe0, 0x000002cd25316060, 0x000002cd25317aa0, 0x000002cd253187c0,
0x000002cd25318e50, 0x000002cd253194e0, 0x000002cd25319b70, 0x000002cd2531a200,
0x000002cd25316d80, 0x000002cd2531c960, 0x000002cd2531b5b0, 0x000002cd2531cff0,
0x000002cd2531d680, 0x000002cd253166f0, 0x000002cd25317410, 0x000002cd2531af20,
0x000002cd25318130, 0x000002cd2531bc40, 0x000002cd2531c2d0, 0x000002cd27030180,
0x000002cd27032f70, 0x000002cd27030ea0, 0x000002cd27031530, 0x000002cd27031bc0,
0x000002cd2702faf0, 0x000002cd270328e0, 0x000002cd27033600, 0x000002cd22e70660,
0x000002cd22e6df00, 0x000002cd22e6e590, 0x000002cd22e6d1e0, 0x000002cd22e70cf0,
0x000002cd22e6ffd0, 0x000002cd22e6d870, 0x000002cd22e71380, 0x000002cd22e71a10,
0x000002cd22e720a0, 0x000002cd2612bbf0, 0x000002cd26129490, 0x000002cd26128e00,
0x000002cd2612c910, 0x000002cd2612b560, 0x000002cd2612c280, 0x000002cd2612a840,
0x000002cd26129b20, 0x000002cd2612d630, 0x000002cd2612aed0, 0x000002cd2612a1b0,
0x000002cd2612e350, 0x000002cd2612dcc0, 0x000002cd2612e9e0, 0x000002cd2612f700,
0x000002cd2612fd90, 0x000002cd26130420, 0x000002cd22e6f2b0, 0x000002cd22e6f940,
0x000002cd22e6ec20, 0x000002cd22e72730, 0x000002cd22e73ae0, 0x000002cd22e74170,
0x000002cd22e74800, 0x000002cd22e72dc0, 0x000002cd22e73450, 0x000002cd250fef30,
0x000002cd250fe8a0, 0x000002cd250ff5c0, 0x000002cd250fce60, 0x000002cd250fe210,
0x000002cd250fd4f0, 0x000002cd250ffc50, 0x000002cd250fc7d0, 0x000002cd251002e0,
0x000002cd25101000, 0x000002cd25100970, 0x000002cd250fdb80, 0x000002cd251030d0,
0x000002cd25103df0, 0x000002cd25103760, 0x000002cd251023b0, 0x000002cd25102a40,
0x000002cd25101690, 0x000002cd25101d20, 0x000002cd22ec0570, 0x000002cd22ebfee0,
0x000002cd22ec0c00, 0x000002cd22ec1290, 0x000002cd22ebf850, 0x000002cd22ebeb30,
0x000002cd22ebde10, 0x000002cd22ec1920, 0x000002cd22ebe4a0, 0x000002cd22ec1fb0,
0x000002cd22ec2640, 0x000002cd22ebf1c0, 0x000002cd22ec4080, 0x000002cd22ec3360,
0x000002cd2476dd30, 0x000002cd24770b20, 0x000002cd24771840, 0x000002cd2476e3c0,
0x000002cd24771ed0, 0x000002cd24774630, 0x000002cd24772bf0, 0x000002cd24773280,
0x000002cd24773910, 0x000002cd24774cc0, 0x000002cd24775350, 0x000002cd24773fa0,
0x000002cd247759e0, 0x000002cd24772560, 0x000002cd24776070, 0x000002cd24779b80,
0x000002cd2476d6a0, 0x000002cd247711b0, 0x000002cd24778e60, 0x000002cd24777ab0,
0x000002cd24776700, 0x000002cd247787d0, 0x000002cd258b4460, 0x000002cd258ba040,
0x000002cd258b3740, 0x000002cd258b4af0, 0x000002cd258b5810, 0x000002cd258b5180,
0x000002cd2476f0e0, 0x000002cd24776d90, 0x000002cd27db20e0, 0x000002cd27db3490,
0x000002cd27db3b20, 0x000002cd27db6280, 0x000002cd27db6910, 0x000002cd27db6fa0,
0x000002cd27db7630, 0x000002cd27db4840, 0x000002cd27db5560, 0x000002cd27db2770,
0x000002cd27db89e0, 0x000002cd27db9070
}

Java Threads: ( => current thread )
  0x000002cd676ea3d0 JavaThread "main"                              [_thread_blocked, id=27992, stack(0x000000e13d700000,0x000000e13d800000) (1024K)]
  0x000002cd7f726350 JavaThread "Reference Handler"          daemon [_thread_blocked, id=21032, stack(0x000000e13df00000,0x000000e13e000000) (1024K)]
  0x000002cd7f727160 JavaThread "Finalizer"                  daemon [_thread_blocked, id=31208, stack(0x000000e13e000000,0x000000e13e100000) (1024K)]
  0x000002cd7f729d80 JavaThread "Signal Dispatcher"          daemon [_thread_blocked, id=9068, stack(0x000000e13e100000,0x000000e13e200000) (1024K)]
  0x000002cd7f72ab70 JavaThread "Attach Listener"            daemon [_thread_blocked, id=19396, stack(0x000000e13e200000,0x000000e13e300000) (1024K)]
  0x000002cd7f72b5d0 JavaThread "Service Thread"             daemon [_thread_blocked, id=1676, stack(0x000000e13e300000,0x000000e13e400000) (1024K)]
  0x000002cd7f72c030 JavaThread "Monitor Deflation Thread"   daemon [_thread_blocked, id=30544, stack(0x000000e13e400000,0x000000e13e500000) (1024K)]
=>0x000002cd7f72edd0 JavaThread "C2 CompilerThread0"         daemon [_thread_in_native, id=11212, stack(0x000000e13e500000,0x000000e13e600000) (1024K)]
  0x000002cd7f73b650 JavaThread "C1 CompilerThread0"         daemon [_thread_blocked, id=31904, stack(0x000000e13e600000,0x000000e13e700000) (1024K)]
  0x000002cd7f9b5cc0 JavaThread "Common-Cleaner"             daemon [_thread_blocked, id=3036, stack(0x000000e13e700000,0x000000e13e800000) (1024K)]
  0x000002cd7fa71a60 JavaThread "Notification Thread"        daemon [_thread_blocked, id=29160, stack(0x000000e13e800000,0x000000e13e900000) (1024K)]
  0x000002cd2273b2d0 JavaThread "Daemon health stats"               [_thread_blocked, id=7988, stack(0x000000e13ef00000,0x000000e13f000000) (1024K)]
  0x000002cd227395d0 JavaThread "Incoming local TCP Connector on port 59842"        [_thread_in_native, id=17252, stack(0x000000e13f000000,0x000000e13f100000) (1024K)]
  0x000002cd2270a740 JavaThread "Daemon periodic checks"            [_thread_blocked, id=14736, stack(0x000000e13f100000,0x000000e13f200000) (1024K)]
  0x000002cd2290e3a0 JavaThread "Daemon"                            [_thread_blocked, id=32584, stack(0x000000e13f200000,0x000000e13f300000) (1024K)]
  0x000002cd22774e00 JavaThread "Handler for socket connection from /127.0.0.1:59842 to /127.0.0.1:59844"        [_thread_in_native, id=18724, stack(0x000000e13f300000,0x000000e13f400000) (1024K)]
  0x000002cd227527f0 JavaThread "Cancel handler"                    [_thread_blocked, id=4072, stack(0x000000e13f400000,0x000000e13f500000) (1024K)]
  0x000002cd22754230 JavaThread "Daemon worker"                     [_thread_blocked, id=15732, stack(0x000000e13f500000,0x000000e13f600000) (1024K)]
  0x000002cd22752160 JavaThread "Asynchronous log dispatcher for DefaultDaemonConnection: socket connection from /127.0.0.1:59842 to /127.0.0.1:59844"        [_thread_blocked, id=17976, stack(0x000000e13f600000,0x000000e13f700000) (1024K)]
  0x000002cd22753ba0 JavaThread "Stdin handler"                     [_thread_blocked, id=7996, stack(0x000000e13f700000,0x000000e13f800000) (1024K)]
  0x000002cd22752e80 JavaThread "Daemon client event forwarder"        [_thread_blocked, id=22736, stack(0x000000e13f800000,0x000000e13f900000) (1024K)]
  0x000002cd227555e0 JavaThread "Cache worker for journal cache (C:\Users\programador.02\.gradle\caches\journal-1)"        [_thread_blocked, id=24416, stack(0x000000e13e900000,0x000000e13ea00000) (1024K)]
  0x000002cd227548c0 JavaThread "File lock request listener"        [_thread_in_native, id=27048, stack(0x000000e13f900000,0x000000e13fa00000) (1024K)]
  0x000002cd22754f50 JavaThread "Cache worker for file hash cache (C:\Users\programador.02\.gradle\caches\8.14.3\fileHashes)"        [_thread_blocked, id=5080, stack(0x000000e13fa00000,0x000000e13fb00000) (1024K)]
  0x000002cd25649530 JavaThread "Cache worker for file hash cache (D:\DesarrolloWeb\inpeccion-visita\android\.gradle\8.14.3\fileHashes)"        [_thread_blocked, id=11164, stack(0x000000e140300000,0x000000e140400000) (1024K)]
  0x000002cd2564a8e0 JavaThread "Cache worker for Build Output Cleanup Cache (D:\DesarrolloWeb\inpeccion-visita\android\.gradle\buildOutputCleanup)"        [_thread_blocked, id=20376, stack(0x000000e140400000,0x000000e140500000) (1024K)]
  0x000002cd25648810 JavaThread "File watcher server"        daemon [_thread_in_native, id=14036, stack(0x000000e140500000,0x000000e140600000) (1024K)]
  0x000002cd2564af70 JavaThread "File watcher consumer"      daemon [_thread_blocked, id=11896, stack(0x000000e140600000,0x000000e140700000) (1024K)]
  0x000002cd2564b600 JavaThread "jar transforms"                    [_thread_blocked, id=14240, stack(0x000000e140700000,0x000000e140800000) (1024K)]
  0x000002cd2564bc90 JavaThread "jar transforms Thread 2"           [_thread_blocked, id=22556, stack(0x000000e140800000,0x000000e140900000) (1024K)]
  0x000002cd25649bc0 JavaThread "Cache worker for checksums cache (D:\DesarrolloWeb\inpeccion-visita\android\.gradle\8.14.3\checksums)"        [_thread_blocked, id=17456, stack(0x000000e140900000,0x000000e140a00000) (1024K)]
  0x000002cd2564a250 JavaThread "Cache worker for file content cache (C:\Users\programador.02\.gradle\caches\8.14.3\fileContent)"        [_thread_blocked, id=32352, stack(0x000000e140a00000,0x000000e140b00000) (1024K)]
  0x000002cd22f340e0 JavaThread "jar transforms Thread 3"           [_thread_blocked, id=19308, stack(0x000000e140b00000,0x000000e140c00000) (1024K)]
  0x000002cd22f33a50 JavaThread "Exec process"                      [_thread_blocked, id=30484, stack(0x000000e140c00000,0x000000e140d00000) (1024K)]
  0x000002cd22f34770 JavaThread "Exec process Thread 2"             [_thread_blocked, id=24056, stack(0x000000e140d00000,0x000000e140e00000) (1024K)]
  0x000002cd22f34e00 JavaThread "Exec process Thread 3"             [_thread_blocked, id=10692, stack(0x000000e140e00000,0x000000e140f00000) (1024K)]
  0x000002cd22f35490 JavaThread "Cache worker for cache directory md-supplier (C:\Users\programador.02\.gradle\caches\8.14.3\md-supplier)"        [_thread_blocked, id=30596, stack(0x000000e13ff00000,0x000000e140000000) (1024K)]
  0x000002cd22f35b20 JavaThread "Cache worker for cache directory md-rule (C:\Users\programador.02\.gradle\caches\8.14.3\md-rule)"        [_thread_blocked, id=5944, stack(0x000000e140200000,0x000000e140300000) (1024K)]
  0x000002cd22f361b0 JavaThread "Cache worker for Build Output Cleanup Cache (D:\DesarrolloWeb\inpeccion-visita\node_modules\@react-native\gradle-plugin\.gradle\buildOutputCleanup)"        [_thread_blocked, id=11284, stack(0x000000e140f00000,0x000000e141000000) (1024K)]
  0x000002cd24d4c9b0 JavaThread "Unconstrained build operations"        [_thread_blocked, id=8352, stack(0x000000e141100000,0x000000e141200000) (1024K)]
  0x000002cd24d4d040 JavaThread "Unconstrained build operations Thread 2"        [_thread_blocked, id=14816, stack(0x000000e141200000,0x000000e141300000) (1024K)]
  0x000002cd24d4bc90 JavaThread "Unconstrained build operations Thread 3"        [_thread_blocked, id=9148, stack(0x000000e141300000,0x000000e141400000) (1024K)]
  0x000002cd24d4b600 JavaThread "Unconstrained build operations Thread 4"        [_thread_blocked, id=22096, stack(0x000000e141400000,0x000000e141500000) (1024K)]
  0x000002cd24d4d6d0 JavaThread "Unconstrained build operations Thread 5"        [_thread_blocked, id=11000, stack(0x000000e141500000,0x000000e141600000) (1024K)]
  0x000002cd24d4a8e0 JavaThread "Unconstrained build operations Thread 6"        [_thread_blocked, id=8140, stack(0x000000e141600000,0x000000e141700000) (1024K)]
  0x000002cd24d4e3f0 JavaThread "Cache worker for Build Output Cleanup Cache (D:\DesarrolloWeb\inpeccion-visita\node_modules\expo-modules-autolinking\android\expo-gradle-plugin\.gradle\buildOutputCleanup)"        [_thread_blocked, id=32232, stack(0x000000e141000000,0x000000e141100000) (1024K)]
  0x000002cd24d4f7a0 JavaThread "Unconstrained build operations Thread 7"        [_thread_blocked, id=3424, stack(0x000000e141800000,0x000000e141900000) (1024K)]
  0x000002cd24d4fe30 JavaThread "Unconstrained build operations Thread 8"        [_thread_blocked, id=30204, stack(0x000000e141900000,0x000000e141a00000) (1024K)]
  0x000002cd24d504c0 JavaThread "Unconstrained build operations Thread 9"        [_thread_blocked, id=16556, stack(0x000000e141a00000,0x000000e141b00000) (1024K)]
  0x000002cd24d50b50 JavaThread "Unconstrained build operations Thread 10"        [_thread_blocked, id=23996, stack(0x000000e141b00000,0x000000e141c00000) (1024K)]
  0x000002cd24d511e0 JavaThread "Unconstrained build operations Thread 11"        [_thread_blocked, id=32460, stack(0x000000e141c00000,0x000000e141d00000) (1024K)]
  0x000002cd24d51870 JavaThread "Unconstrained build operations Thread 12"        [_thread_blocked, id=23436, stack(0x000000e141d00000,0x000000e141e00000) (1024K)]
  0x000002cd24d4ea80 JavaThread "Unconstrained build operations Thread 13"        [_thread_blocked, id=5060, stack(0x000000e141e00000,0x000000e141f00000) (1024K)]
  0x000002cd24d4f110 JavaThread "Unconstrained build operations Thread 14"        [_thread_blocked, id=16052, stack(0x000000e141f00000,0x000000e142000000) (1024K)]
  0x000002cd24d51f00 JavaThread "Unconstrained build operations Thread 15"        [_thread_blocked, id=9040, stack(0x000000e142000000,0x000000e142100000) (1024K)]
  0x000002cd22bb4660 JavaThread "Unconstrained build operations Thread 16"        [_thread_blocked, id=16784, stack(0x000000e142100000,0x000000e142200000) (1024K)]
  0x000002cd22bb5380 JavaThread "Unconstrained build operations Thread 17"        [_thread_blocked, id=23404, stack(0x000000e142200000,0x000000e142300000) (1024K)]
  0x000002cd22bb4cf0 JavaThread "Unconstrained build operations Thread 18"        [_thread_blocked, id=26820, stack(0x000000e142300000,0x000000e142400000) (1024K)]
  0x000002cd22bb60a0 JavaThread "Unconstrained build operations Thread 19"        [_thread_blocked, id=30676, stack(0x000000e142400000,0x000000e142500000) (1024K)]
  0x000002cd22bb5a10 JavaThread "Unconstrained build operations Thread 20"        [_thread_blocked, id=31924, stack(0x000000e142500000,0x000000e142600000) (1024K)]
  0x000002cd22bb3fd0 JavaThread "Unconstrained build operations Thread 21"        [_thread_blocked, id=5568, stack(0x000000e142600000,0x000000e142700000) (1024K)]
  0x000002cd22bb6730 JavaThread "Unconstrained build operations Thread 22"        [_thread_blocked, id=8912, stack(0x000000e142700000,0x000000e142800000) (1024K)]
  0x000002cd22bb6dc0 JavaThread "Unconstrained build operations Thread 23"        [_thread_blocked, id=29680, stack(0x000000e142800000,0x000000e142900000) (1024K)]
  0x000002cd22bb3940 JavaThread "Unconstrained build operations Thread 24"        [_thread_blocked, id=20816, stack(0x000000e142900000,0x000000e142a00000) (1024K)]
  0x000002cd22bba8d0 JavaThread "Unconstrained build operations Thread 25"        [_thread_blocked, id=18948, stack(0x000000e142a00000,0x000000e142b00000) (1024K)]
  0x000002cd22bb9520 JavaThread "Unconstrained build operations Thread 26"        [_thread_blocked, id=6096, stack(0x000000e142b00000,0x000000e142c00000) (1024K)]
  0x000002cd22bb7ae0 JavaThread "Unconstrained build operations Thread 27"        [_thread_blocked, id=17216, stack(0x000000e142c00000,0x000000e142d00000) (1024K)]
  0x000002cd22bb8800 JavaThread "Unconstrained build operations Thread 28"        [_thread_blocked, id=4540, stack(0x000000e142d00000,0x000000e142e00000) (1024K)]
  0x000002cd22bb7450 JavaThread "Unconstrained build operations Thread 29"        [_thread_blocked, id=4044, stack(0x000000e142e00000,0x000000e142f00000) (1024K)]
  0x000002cd22bbaf60 JavaThread "Unconstrained build operations Thread 30"        [_thread_blocked, id=30516, stack(0x000000e142f00000,0x000000e143000000) (1024K)]
  0x000002cd22bb9bb0 JavaThread "Unconstrained build operations Thread 31"        [_thread_blocked, id=12076, stack(0x000000e143000000,0x000000e143100000) (1024K)]
  0x000002cd22bba240 JavaThread "Unconstrained build operations Thread 32"        [_thread_blocked, id=22264, stack(0x000000e143100000,0x000000e143200000) (1024K)]
  0x000002cd22bb8170 JavaThread "Unconstrained build operations Thread 33"        [_thread_blocked, id=2572, stack(0x000000e143200000,0x000000e143300000) (1024K)]
  0x000002cd22bb8e90 JavaThread "Unconstrained build operations Thread 34"        [_thread_blocked, id=27664, stack(0x000000e143300000,0x000000e143400000) (1024K)]
  0x000002cd2702d390 JavaThread "Unconstrained build operations Thread 35"        [_thread_blocked, id=25808, stack(0x000000e143400000,0x000000e143500000) (1024K)]
  0x000002cd2702e0b0 JavaThread "Unconstrained build operations Thread 36"        [_thread_blocked, id=22608, stack(0x000000e143500000,0x000000e143600000) (1024K)]
  0x000002cd2702c670 JavaThread "Unconstrained build operations Thread 37"        [_thread_blocked, id=22148, stack(0x000000e143600000,0x000000e143700000) (1024K)]
  0x000002cd2702da20 JavaThread "Unconstrained build operations Thread 38"        [_thread_blocked, id=15320, stack(0x000000e143700000,0x000000e143800000) (1024K)]
  0x000002cd2702cd00 JavaThread "Unconstrained build operations Thread 39"        [_thread_blocked, id=14008, stack(0x000000e143800000,0x000000e143900000) (1024K)]
  0x000002cd2702edd0 JavaThread "build event listener"              [_thread_blocked, id=32432, stack(0x000000e143900000,0x000000e143a00000) (1024K)]
  0x000002cd2702bfe0 JavaThread "Memory manager"                    [_thread_blocked, id=408, stack(0x000000e143a00000,0x000000e143b00000) (1024K)]
  0x000002cd25316060 JavaThread "Unconstrained build operations Thread 40"        [_thread_blocked, id=24832, stack(0x000000e141700000,0x000000e141800000) (1024K)]
  0x000002cd25317aa0 JavaThread "Unconstrained build operations Thread 41"        [_thread_blocked, id=6932, stack(0x000000e143b00000,0x000000e143c00000) (1024K)]
  0x000002cd253187c0 JavaThread "Unconstrained build operations Thread 42"        [_thread_blocked, id=32264, stack(0x000000e143c00000,0x000000e143d00000) (1024K)]
  0x000002cd25318e50 JavaThread "Unconstrained build operations Thread 43"        [_thread_blocked, id=30476, stack(0x000000e143d00000,0x000000e143e00000) (1024K)]
  0x000002cd253194e0 JavaThread "Unconstrained build operations Thread 44"        [_thread_blocked, id=17872, stack(0x000000e143e00000,0x000000e143f00000) (1024K)]
  0x000002cd25319b70 JavaThread "Unconstrained build operations Thread 45"        [_thread_blocked, id=31452, stack(0x000000e143f00000,0x000000e144000000) (1024K)]
  0x000002cd2531a200 JavaThread "Unconstrained build operations Thread 46"        [_thread_blocked, id=18928, stack(0x000000e144000000,0x000000e144100000) (1024K)]
  0x000002cd25316d80 JavaThread "Unconstrained build operations Thread 47"        [_thread_blocked, id=30844, stack(0x000000e144100000,0x000000e144200000) (1024K)]
  0x000002cd2531c960 JavaThread "Unconstrained build operations Thread 48"        [_thread_blocked, id=12784, stack(0x000000e144200000,0x000000e144300000) (1024K)]
  0x000002cd2531b5b0 JavaThread "Unconstrained build operations Thread 49"        [_thread_blocked, id=32204, stack(0x000000e144300000,0x000000e144400000) (1024K)]
  0x000002cd2531cff0 JavaThread "Unconstrained build operations Thread 50"        [_thread_blocked, id=27716, stack(0x000000e144400000,0x000000e144500000) (1024K)]
  0x000002cd2531d680 JavaThread "build event listener"              [_thread_blocked, id=24572, stack(0x000000e144500000,0x000000e144600000) (1024K)]
  0x000002cd253166f0 JavaThread "Unconstrained build operations Thread 51"        [_thread_blocked, id=10300, stack(0x000000e144700000,0x000000e144800000) (1024K)]
  0x000002cd25317410 JavaThread "Unconstrained build operations Thread 52"        [_thread_blocked, id=4108, stack(0x000000e144800000,0x000000e144900000) (1024K)]
  0x000002cd2531af20 JavaThread "Unconstrained build operations Thread 53"        [_thread_blocked, id=31092, stack(0x000000e144900000,0x000000e144a00000) (1024K)]
  0x000002cd25318130 JavaThread "Unconstrained build operations Thread 54"        [_thread_blocked, id=29704, stack(0x000000e144a00000,0x000000e144b00000) (1024K)]
  0x000002cd2531bc40 JavaThread "Unconstrained build operations Thread 55"        [_thread_blocked, id=24244, stack(0x000000e144b00000,0x000000e144c00000) (1024K)]
  0x000002cd2531c2d0 JavaThread "Unconstrained build operations Thread 56"        [_thread_blocked, id=31916, stack(0x000000e144c00000,0x000000e144d00000) (1024K)]
  0x000002cd27030180 JavaThread "Unconstrained build operations Thread 57"        [_thread_blocked, id=23184, stack(0x000000e144d00000,0x000000e144e00000) (1024K)]
  0x000002cd27032f70 JavaThread "Unconstrained build operations Thread 58"        [_thread_blocked, id=392, stack(0x000000e144e00000,0x000000e144f00000) (1024K)]
  0x000002cd27030ea0 JavaThread "Unconstrained build operations Thread 59"        [_thread_blocked, id=18760, stack(0x000000e144f00000,0x000000e145000000) (1024K)]
  0x000002cd27031530 JavaThread "Unconstrained build operations Thread 60"        [_thread_blocked, id=31460, stack(0x000000e145000000,0x000000e145100000) (1024K)]
  0x000002cd27031bc0 JavaThread "Unconstrained build operations Thread 61"        [_thread_blocked, id=25992, stack(0x000000e145100000,0x000000e145200000) (1024K)]
  0x000002cd2702faf0 JavaThread "Unconstrained build operations Thread 62"        [_thread_blocked, id=26812, stack(0x000000e145200000,0x000000e145300000) (1024K)]
  0x000002cd270328e0 JavaThread "Unconstrained build operations Thread 63"        [_thread_blocked, id=17820, stack(0x000000e145300000,0x000000e145400000) (1024K)]
  0x000002cd27033600 JavaThread "Unconstrained build operations Thread 64"        [_thread_blocked, id=28960, stack(0x000000e145400000,0x000000e145500000) (1024K)]
  0x000002cd22e70660 JavaThread "Unconstrained build operations Thread 65"        [_thread_blocked, id=32588, stack(0x000000e145500000,0x000000e145600000) (1024K)]
  0x000002cd22e6df00 JavaThread "Unconstrained build operations Thread 66"        [_thread_blocked, id=25552, stack(0x000000e145600000,0x000000e145700000) (1024K)]
  0x000002cd22e6e590 JavaThread "Unconstrained build operations Thread 67"        [_thread_blocked, id=8292, stack(0x000000e145700000,0x000000e145800000) (1024K)]
  0x000002cd22e6d1e0 JavaThread "Unconstrained build operations Thread 68"        [_thread_blocked, id=19348, stack(0x000000e145800000,0x000000e145900000) (1024K)]
  0x000002cd22e70cf0 JavaThread "Unconstrained build operations Thread 69"        [_thread_blocked, id=19204, stack(0x000000e145900000,0x000000e145a00000) (1024K)]
  0x000002cd22e6ffd0 JavaThread "Unconstrained build operations Thread 70"        [_thread_blocked, id=22036, stack(0x000000e145a00000,0x000000e145b00000) (1024K)]
  0x000002cd22e6d870 JavaThread "Unconstrained build operations Thread 71"        [_thread_blocked, id=29544, stack(0x000000e145b00000,0x000000e145c00000) (1024K)]
  0x000002cd22e71380 JavaThread "Unconstrained build operations Thread 72"        [_thread_blocked, id=21084, stack(0x000000e145c00000,0x000000e145d00000) (1024K)]
  0x000002cd22e71a10 JavaThread "Unconstrained build operations Thread 73"        [_thread_blocked, id=11496, stack(0x000000e145d00000,0x000000e145e00000) (1024K)]
  0x000002cd22e720a0 JavaThread "Unconstrained build operations Thread 74"        [_thread_blocked, id=31696, stack(0x000000e145e00000,0x000000e145f00000) (1024K)]
  0x000002cd2612bbf0 JavaThread "ForkJoinPool.commonPool-worker-1" daemon [_thread_blocked, id=32200, stack(0x000000e145f00000,0x000000e146000000) (1024K)]
  0x000002cd26129490 JavaThread "ForkJoinPool.commonPool-worker-2" daemon [_thread_blocked, id=27076, stack(0x000000e146000000,0x000000e146100000) (1024K)]
  0x000002cd26128e00 JavaThread "ForkJoinPool.commonPool-worker-3" daemon [_thread_blocked, id=17580, stack(0x000000e146100000,0x000000e146200000) (1024K)]
  0x000002cd2612c910 JavaThread "ForkJoinPool.commonPool-worker-4" daemon [_thread_blocked, id=30700, stack(0x000000e146200000,0x000000e146300000) (1024K)]
  0x000002cd2612b560 JavaThread "ForkJoinPool.commonPool-worker-5" daemon [_thread_blocked, id=5772, stack(0x000000e146300000,0x000000e146400000) (1024K)]
  0x000002cd2612c280 JavaThread "ForkJoinPool.commonPool-worker-6" daemon [_thread_blocked, id=18556, stack(0x000000e146400000,0x000000e146500000) (1024K)]
  0x000002cd2612a840 JavaThread "ForkJoinPool.commonPool-worker-7" daemon [_thread_blocked, id=32256, stack(0x000000e146500000,0x000000e146600000) (1024K)]
  0x000002cd26129b20 JavaThread "ForkJoinPool.commonPool-worker-8" daemon [_thread_blocked, id=28848, stack(0x000000e146600000,0x000000e146700000) (1024K)]
  0x000002cd2612d630 JavaThread "ForkJoinPool.commonPool-worker-9" daemon [_thread_blocked, id=14760, stack(0x000000e146700000,0x000000e146800000) (1024K)]
  0x000002cd2612aed0 JavaThread "ForkJoinPool.commonPool-worker-10" daemon [_thread_blocked, id=26196, stack(0x000000e146800000,0x000000e146900000) (1024K)]
  0x000002cd2612a1b0 JavaThread "Exec process"               daemon [_thread_blocked, id=30696, stack(0x000000e146900000,0x000000e146a00000) (1024K)]
  0x000002cd2612e350 JavaThread "Exec process Thread 2"      daemon [_thread_blocked, id=19048, stack(0x000000e146a00000,0x000000e146b00000) (1024K)]
  0x000002cd2612dcc0 JavaThread "Exec process Thread 3"      daemon [_thread_blocked, id=32552, stack(0x000000e146b00000,0x000000e146c00000) (1024K)]
  0x000002cd2612e9e0 JavaThread "File lock release action executor"        [_thread_blocked, id=10064, stack(0x000000e146c00000,0x000000e146d00000) (1024K)]
  0x000002cd2612f700 JavaThread "included builds"                   [_thread_blocked, id=32324, stack(0x000000e144600000,0x000000e144700000) (1024K)]
  0x000002cd2612fd90 JavaThread "included builds Thread 2"          [_thread_blocked, id=2828, stack(0x000000e146d00000,0x000000e146e00000) (1024K)]
  0x000002cd26130420 JavaThread "Execution worker"                  [_thread_blocked, id=31792, stack(0x000000e146e00000,0x000000e146f00000) (1024K)]
  0x000002cd22e6f2b0 JavaThread "Execution worker Thread 2"         [_thread_blocked, id=18904, stack(0x000000e146f00000,0x000000e147000000) (1024K)]
  0x000002cd22e6f940 JavaThread "Execution worker Thread 3"         [_thread_blocked, id=19064, stack(0x000000e147000000,0x000000e147100000) (1024K)]
  0x000002cd22e6ec20 JavaThread "Execution worker Thread 4"         [_thread_blocked, id=32332, stack(0x000000e147100000,0x000000e147200000) (1024K)]
  0x000002cd22e72730 JavaThread "Execution worker Thread 5"         [_thread_blocked, id=28312, stack(0x000000e147200000,0x000000e147300000) (1024K)]
  0x000002cd22e73ae0 JavaThread "Execution worker Thread 6"         [_thread_blocked, id=18972, stack(0x000000e147300000,0x000000e147400000) (1024K)]
  0x000002cd22e74170 JavaThread "Execution worker Thread 7"         [_thread_blocked, id=10452, stack(0x000000e147400000,0x000000e147500000) (1024K)]
  0x000002cd22e74800 JavaThread "Execution worker Thread 8"         [_thread_blocked, id=1052, stack(0x000000e147500000,0x000000e147600000) (1024K)]
  0x000002cd22e72dc0 JavaThread "Execution worker Thread 9"         [_thread_blocked, id=2932, stack(0x000000e147600000,0x000000e147700000) (1024K)]
  0x000002cd22e73450 JavaThread "Execution worker Thread 10"        [_thread_blocked, id=21680, stack(0x000000e147700000,0x000000e147800000) (1024K)]
  0x000002cd250fef30 JavaThread "Execution worker Thread 11"        [_thread_blocked, id=21772, stack(0x000000e147800000,0x000000e147900000) (1024K)]
  0x000002cd250fe8a0 JavaThread "Cache worker for execution history cache (D:\DesarrolloWeb\inpeccion-visita\node_modules\@react-native\gradle-plugin\.gradle\8.14.3\executionHistory)"        [_thread_blocked, id=32064, stack(0x000000e147900000,0x000000e147a00000) (1024K)]
  0x000002cd250ff5c0 JavaThread "Cache worker for execution history cache (D:\DesarrolloWeb\inpeccion-visita\node_modules\expo-modules-autolinking\android\expo-gradle-plugin\.gradle\8.14.3\executionHistory)"        [_thread_blocked, id=32208, stack(0x000000e147a00000,0x000000e147b00000) (1024K)]
  0x000002cd250fce60 JavaThread "Unconstrained build operations Thread 75"        [_thread_blocked, id=20900, stack(0x000000e147b00000,0x000000e147c00000) (1024K)]
  0x000002cd250fe210 JavaThread "Unconstrained build operations Thread 76"        [_thread_blocked, id=23636, stack(0x000000e147c00000,0x000000e147d00000) (1024K)]
  0x000002cd250fd4f0 JavaThread "Unconstrained build operations Thread 77"        [_thread_blocked, id=26988, stack(0x000000e147d00000,0x000000e147e00000) (1024K)]
  0x000002cd250ffc50 JavaThread "Unconstrained build operations Thread 78"        [_thread_blocked, id=3256, stack(0x000000e147e00000,0x000000e147f00000) (1024K)]
  0x000002cd250fc7d0 JavaThread "Unconstrained build operations Thread 79"        [_thread_blocked, id=25096, stack(0x000000e147f00000,0x000000e148000000) (1024K)]
  0x000002cd251002e0 JavaThread "Unconstrained build operations Thread 80"        [_thread_blocked, id=28040, stack(0x000000e148000000,0x000000e148100000) (1024K)]
  0x000002cd25101000 JavaThread "Unconstrained build operations Thread 81"        [_thread_blocked, id=21192, stack(0x000000e148100000,0x000000e148200000) (1024K)]
  0x000002cd25100970 JavaThread "Unconstrained build operations Thread 82"        [_thread_blocked, id=30284, stack(0x000000e148200000,0x000000e148300000) (1024K)]
  0x000002cd250fdb80 JavaThread "Unconstrained build operations Thread 83"        [_thread_blocked, id=25072, stack(0x000000e148300000,0x000000e148400000) (1024K)]
  0x000002cd251030d0 JavaThread "Unconstrained build operations Thread 84"        [_thread_blocked, id=32060, stack(0x000000e148400000,0x000000e148500000) (1024K)]
  0x000002cd25103df0 JavaThread "Unconstrained build operations Thread 85"        [_thread_blocked, id=25100, stack(0x000000e148500000,0x000000e148600000) (1024K)]
  0x000002cd25103760 JavaThread "Unconstrained build operations Thread 86"        [_thread_blocked, id=28392, stack(0x000000e148600000,0x000000e148700000) (1024K)]
  0x000002cd251023b0 JavaThread "Unconstrained build operations Thread 87"        [_thread_blocked, id=14768, stack(0x000000e148700000,0x000000e148800000) (1024K)]
  0x000002cd25102a40 JavaThread "Unconstrained build operations Thread 88"        [_thread_blocked, id=10616, stack(0x000000e148800000,0x000000e148900000) (1024K)]
  0x000002cd25101690 JavaThread "Unconstrained build operations Thread 89"        [_thread_blocked, id=15296, stack(0x000000e148900000,0x000000e148a00000) (1024K)]
  0x000002cd25101d20 JavaThread "Unconstrained build operations Thread 90"        [_thread_blocked, id=21896, stack(0x000000e148a00000,0x000000e148b00000) (1024K)]
  0x000002cd22ec0570 JavaThread "Unconstrained build operations Thread 91"        [_thread_blocked, id=31488, stack(0x000000e148b00000,0x000000e148c00000) (1024K)]
  0x000002cd22ebfee0 JavaThread "Unconstrained build operations Thread 92"        [_thread_blocked, id=14632, stack(0x000000e148c00000,0x000000e148d00000) (1024K)]
  0x000002cd22ec0c00 JavaThread "Unconstrained build operations Thread 93"        [_thread_blocked, id=21872, stack(0x000000e148d00000,0x000000e148e00000) (1024K)]
  0x000002cd22ec1290 JavaThread "Unconstrained build operations Thread 94"        [_thread_blocked, id=27952, stack(0x000000e148e00000,0x000000e148f00000) (1024K)]
  0x000002cd22ebf850 JavaThread "Unconstrained build operations Thread 95"        [_thread_blocked, id=20188, stack(0x000000e148f00000,0x000000e149000000) (1024K)]
  0x000002cd22ebeb30 JavaThread "Unconstrained build operations Thread 96"        [_thread_blocked, id=15136, stack(0x000000e149000000,0x000000e149100000) (1024K)]
  0x000002cd22ebde10 JavaThread "Unconstrained build operations Thread 97"        [_thread_blocked, id=11812, stack(0x000000e149100000,0x000000e149200000) (1024K)]
  0x000002cd22ec1920 JavaThread "Unconstrained build operations Thread 98"        [_thread_blocked, id=11716, stack(0x000000e149200000,0x000000e149300000) (1024K)]
  0x000002cd22ebe4a0 JavaThread "Unconstrained build operations Thread 99"        [_thread_blocked, id=22508, stack(0x000000e149300000,0x000000e149400000) (1024K)]
  0x000002cd22ec1fb0 JavaThread "Unconstrained build operations Thread 100"        [_thread_blocked, id=16236, stack(0x000000e149400000,0x000000e149500000) (1024K)]
  0x000002cd22ec2640 JavaThread "Unconstrained build operations Thread 101"        [_thread_blocked, id=29192, stack(0x000000e149500000,0x000000e149600000) (1024K)]
  0x000002cd22ebf1c0 JavaThread "Unconstrained build operations Thread 102"        [_thread_blocked, id=11404, stack(0x000000e149600000,0x000000e149700000) (1024K)]
  0x000002cd22ec4080 JavaThread "Unconstrained build operations Thread 103"        [_thread_blocked, id=30268, stack(0x000000e149700000,0x000000e149800000) (1024K)]
  0x000002cd22ec3360 JavaThread "Unconstrained build operations Thread 104"        [_thread_blocked, id=20008, stack(0x000000e149800000,0x000000e149900000) (1024K)]
  0x000002cd2476dd30 JavaThread "Unconstrained build operations Thread 105"        [_thread_blocked, id=6724, stack(0x000000e149900000,0x000000e149a00000) (1024K)]
  0x000002cd24770b20 JavaThread "Unconstrained build operations Thread 106"        [_thread_blocked, id=7420, stack(0x000000e149a00000,0x000000e149b00000) (1024K)]
  0x000002cd24771840 JavaThread "Unconstrained build operations Thread 107"        [_thread_blocked, id=23456, stack(0x000000e149b00000,0x000000e149c00000) (1024K)]
  0x000002cd2476e3c0 JavaThread "Unconstrained build operations Thread 108"        [_thread_blocked, id=4176, stack(0x000000e149c00000,0x000000e149d00000) (1024K)]
  0x000002cd24771ed0 JavaThread "Unconstrained build operations Thread 109"        [_thread_blocked, id=18488, stack(0x000000e149d00000,0x000000e149e00000) (1024K)]
  0x000002cd24774630 JavaThread "Unconstrained build operations Thread 110"        [_thread_blocked, id=3472, stack(0x000000e149e00000,0x000000e149f00000) (1024K)]
  0x000002cd24772bf0 JavaThread "Unconstrained build operations Thread 111"        [_thread_blocked, id=12716, stack(0x000000e149f00000,0x000000e14a000000) (1024K)]
  0x000002cd24773280 JavaThread "Unconstrained build operations Thread 112"        [_thread_blocked, id=1592, stack(0x000000e14a000000,0x000000e14a100000) (1024K)]
  0x000002cd24773910 JavaThread "Unconstrained build operations Thread 113"        [_thread_blocked, id=13976, stack(0x000000e14a200000,0x000000e14a300000) (1024K)]
  0x000002cd24774cc0 JavaThread "Unconstrained build operations Thread 114"        [_thread_blocked, id=2436, stack(0x000000e14a300000,0x000000e14a400000) (1024K)]
  0x000002cd24775350 JavaThread "Unconstrained build operations Thread 115"        [_thread_blocked, id=25564, stack(0x000000e14a400000,0x000000e14a500000) (1024K)]
  0x000002cd24773fa0 JavaThread "Unconstrained build operations Thread 116"        [_thread_blocked, id=20004, stack(0x000000e14a500000,0x000000e14a600000) (1024K)]
  0x000002cd247759e0 JavaThread "Unconstrained build operations Thread 117"        [_thread_blocked, id=2296, stack(0x000000e14a600000,0x000000e14a700000) (1024K)]
  0x000002cd24772560 JavaThread "Unconstrained build operations Thread 118"        [_thread_blocked, id=18940, stack(0x000000e14a700000,0x000000e14a800000) (1024K)]
  0x000002cd24776070 JavaThread "Unconstrained build operations Thread 119"        [_thread_blocked, id=19484, stack(0x000000e14a800000,0x000000e14a900000) (1024K)]
  0x000002cd24779b80 JavaThread "Unconstrained build operations Thread 120"        [_thread_blocked, id=13168, stack(0x000000e14a900000,0x000000e14aa00000) (1024K)]
  0x000002cd2476d6a0 JavaThread "WorkerExecutor Queue"              [_thread_in_native, id=24632, stack(0x000000e14a100000,0x000000e14a200000) (1024K)]
  0x000002cd247711b0 JavaThread "RMI Scheduler(0)"           daemon [_thread_blocked, id=6940, stack(0x000000e14aa00000,0x000000e14ab00000) (1024K)]
  0x000002cd24778e60 JavaThread "RMI GC Daemon"              daemon [_thread_blocked, id=3556, stack(0x000000e14ac00000,0x000000e14ad00000) (1024K)]
  0x000002cd24777ab0 JavaThread "RMI TCP Accept-0"           daemon [_thread_in_native, id=4412, stack(0x000000e14ad00000,0x000000e14ae00000) (1024K)]
  0x000002cd24776700 JavaThread "RMI Reaper"                        [_thread_blocked, id=6384, stack(0x000000e14ae00000,0x000000e14af00000) (1024K)]
  0x000002cd247787d0 JavaThread "RMI TCP Connection(3)-127.0.0.1" daemon [_thread_in_native, id=19392, stack(0x000000e14af00000,0x000000e14b000000) (1024K)]
  0x000002cd258b4460 JavaThread "WorkerExecutor Queue Thread 2"        [_thread_in_native, id=23920, stack(0x000000e14ab00000,0x000000e14ac00000) (1024K)]
  0x000002cd258ba040 JavaThread "RMI TCP Connection(2)-127.0.0.1" daemon [_thread_in_native, id=19772, stack(0x000000e14b100000,0x000000e14b200000) (1024K)]
  0x000002cd258b3740 JavaThread "jar transforms Thread 4"           [_thread_blocked, id=15292, stack(0x000000e14b000000,0x000000e14b100000) (1024K)]
  0x000002cd258b4af0 JavaThread "Cache worker for Build Output Cleanup Cache (D:\DesarrolloWeb\inpeccion-visita\node_modules\expo-modules-core\expo-module-gradle-plugin\.gradle\buildOutputCleanup)"        [_thread_blocked, id=29620, stack(0x000000e14b200000,0x000000e14b300000) (1024K)]
  0x000002cd258b5810 JavaThread "Cache worker for Build Output Cleanup Cache (D:\DesarrolloWeb\inpeccion-visita\node_modules\expo-updates\expo-updates-gradle-plugin\.gradle\buildOutputCleanup)"        [_thread_blocked, id=30584, stack(0x000000e14b300000,0x000000e14b400000) (1024K)]
  0x000002cd258b5180 JavaThread "build event listener"              [_thread_blocked, id=20936, stack(0x000000e14b400000,0x000000e14b500000) (1024K)]
  0x000002cd2476f0e0 JavaThread "build event listener"              [_thread_blocked, id=13832, stack(0x000000e14b600000,0x000000e14b700000) (1024K)]
  0x000002cd24776d90 JavaThread "jar transforms Thread 5"           [_thread_blocked, id=24616, stack(0x000000e14b700000,0x000000e14b800000) (1024K)]
  0x000002cd27db20e0 JavaThread "included builds Thread 3"          [_thread_blocked, id=19784, stack(0x000000e14b800000,0x000000e14b900000) (1024K)]
  0x000002cd27db3490 JavaThread "included builds Thread 4"          [_thread_blocked, id=2076, stack(0x000000e14b900000,0x000000e14ba00000) (1024K)]
  0x000002cd27db3b20 JavaThread "Cache worker for execution history cache (D:\DesarrolloWeb\inpeccion-visita\node_modules\expo-modules-core\expo-module-gradle-plugin\.gradle\8.14.3\executionHistory)"        [_thread_blocked, id=2140, stack(0x000000e14ba00000,0x000000e14bb00000) (1024K)]
  0x000002cd27db6280 JavaThread "Cache worker for execution history cache (D:\DesarrolloWeb\inpeccion-visita\node_modules\expo-updates\expo-updates-gradle-plugin\.gradle\8.14.3\executionHistory)"        [_thread_blocked, id=23420, stack(0x000000e14bb00000,0x000000e14bc00000) (1024K)]
  0x000002cd27db6910 JavaThread "WorkerExecutor Queue Thread 3"        [_thread_blocked, id=32572, stack(0x000000e14bc00000,0x000000e14bd00000) (1024K)]
  0x000002cd27db6fa0 JavaThread "RMI RenewClean-[127.0.0.1:17027,org.jetbrains.kotlin.daemon.common.LoopbackNetworkInterface$ClientLoopbackSocketFactory@e27e312]" daemon [_thread_blocked, id=32684, stack(0x000000e14bd00000,0x000000e14be00000) (1024K)]
  0x000002cd27db7630 JavaThread "RMI TCP Connection(4)-127.0.0.1" daemon [_thread_in_native, id=13448, stack(0x000000e14be00000,0x000000e14bf00000) (1024K)]
  0x000002cd27db4840 JavaThread "WorkerExecutor Queue Thread 4"        [_thread_blocked, id=25032, stack(0x000000e14bf00000,0x000000e14c000000) (1024K)]
  0x000002cd27db5560 JavaThread "RMI RenewClean-[127.0.0.1:17027,org.jetbrains.kotlin.daemon.common.LoopbackNetworkInterface$ClientLoopbackSocketFactory@44b9969b]" daemon [_thread_blocked, id=25408, stack(0x000000e14c000000,0x000000e14c100000) (1024K)]
  0x000002cd27db2770 JavaThread "RMI TCP Connection(5)-127.0.0.1" daemon [_thread_in_native, id=9316, stack(0x000000e14c100000,0x000000e14c200000) (1024K)]
  0x000002cd27db89e0 JavaThread "WorkerExecutor Queue Thread 5"        [_thread_blocked, id=10820, stack(0x000000e14c200000,0x000000e14c300000) (1024K)]
  0x000002cd27db9070 JavaThread "Thread-184"                        [_thread_in_native, id=9472, stack(0x000000e14c300000,0x000000e14c400000) (1024K)]
Total: 218

Other Threads:
  0x000002cd7f708e90 VMThread "VM Thread"                           [id=2836, stack(0x000000e13de00000,0x000000e13df00000) (1024K)]
  0x000002cd7f6fd7a0 WatcherThread "VM Periodic Task Thread"        [id=27204, stack(0x000000e13dd00000,0x000000e13de00000) (1024K)]
  0x000002cd69bbb980 WorkerThread "GC Thread#0"                     [id=23176, stack(0x000000e13d800000,0x000000e13d900000) (1024K)]
  0x000002cd7fabc0b0 WorkerThread "GC Thread#1"                     [id=30712, stack(0x000000e13ea00000,0x000000e13eb00000) (1024K)]
  0x000002cd7fabc460 WorkerThread "GC Thread#2"                     [id=32728, stack(0x000000e13eb00000,0x000000e13ec00000) (1024K)]
  0x000002cd210b2cf0 WorkerThread "GC Thread#3"                     [id=13104, stack(0x000000e13ec00000,0x000000e13ed00000) (1024K)]
  0x000002cd7fa9f6b0 WorkerThread "GC Thread#4"                     [id=17224, stack(0x000000e13ed00000,0x000000e13ee00000) (1024K)]
  0x000002cd7fa9fa60 WorkerThread "GC Thread#5"                     [id=12368, stack(0x000000e13ee00000,0x000000e13ef00000) (1024K)]
  0x000002cd218244d0 WorkerThread "GC Thread#6"                     [id=26036, stack(0x000000e13fb00000,0x000000e13fc00000) (1024K)]
  0x000002cd21824c30 WorkerThread "GC Thread#7"                     [id=15748, stack(0x000000e13fc00000,0x000000e13fd00000) (1024K)]
  0x000002cd23190070 WorkerThread "GC Thread#8"                     [id=12328, stack(0x000000e13fd00000,0x000000e13fe00000) (1024K)]
  0x000002cd23191a40 WorkerThread "GC Thread#9"                     [id=21716, stack(0x000000e13fe00000,0x000000e13ff00000) (1024K)]
  0x000002cd69bcc880 ConcurrentGCThread "G1 Main Marker"            [id=32000, stack(0x000000e13d900000,0x000000e13da00000) (1024K)]
  0x000002cd69bcd2a0 WorkerThread "G1 Conc#0"                       [id=17824, stack(0x000000e13da00000,0x000000e13db00000) (1024K)]
  0x000002cd2318ea50 WorkerThread "G1 Conc#1"                       [id=13248, stack(0x000000e140000000,0x000000e140100000) (1024K)]
  0x000002cd2318f1b0 WorkerThread "G1 Conc#2"                       [id=1148, stack(0x000000e140100000,0x000000e140200000) (1024K)]
  0x000002cd7f650b80 ConcurrentGCThread "G1 Refine#0"               [id=31988, stack(0x000000e13db00000,0x000000e13dc00000) (1024K)]
  0x000002cd7f6513b0 ConcurrentGCThread "G1 Service"                [id=31292, stack(0x000000e13dc00000,0x000000e13dd00000) (1024K)]
Total: 18

Threads with active compile tasks:
C2 CompilerThread0  45425 16062       4       java.lang.invoke.MethodHandleImpl::makePairwiseConvertByEditor (617 bytes)
Total: 1

VM state: not at safepoint (normal execution)

VM Mutex/Monitor currently owned by a thread: None

Heap address: 0x0000000080000000, size: 2048 MB, Compressed Oops mode: 32-bit

CDS archive(s) mapped at: [0x000002cd02000000-0x000002cd02ba0000-0x000002cd02ba0000), size 12189696, SharedBaseAddress: 0x000002cd02000000, ArchiveRelocationMode: 1.
Compressed class space mapped at: 0x000002cd03000000-0x000002cd1d000000, reserved size: 436207616
Narrow klass base: 0x000002cd02000000, Narrow klass shift: 0, Narrow klass range: 0x100000000

GC Precious Log:
 CardTable entry size: 512
 Card Set container configuration: InlinePtr #cards 5 size 8 Array Of Cards #cards 12 size 40 Howl #buckets 4 coarsen threshold 1843 Howl Bitmap #cards 512 size 80 coarsen threshold 460 Card regions per heap region 1 cards per card region 2048
 CPUs: 12 total, 12 available
 Memory: 16107M
 Large Page Support: Disabled
 NUMA Support: Disabled
 Compressed Oops: Enabled (32-bit)
 Heap Region Size: 1M
 Heap Min Capacity: 8M
 Heap Initial Capacity: 252M
 Heap Max Capacity: 2G
 Pre-touch: Disabled
 Parallel Workers: 10
 Concurrent Workers: 3
 Concurrent Refinement Workers: 10
 Periodic GC: Disabled

Heap:
 garbage-first heap   total 204800K, used 153919K [0x0000000080000000, 0x0000000100000000)
  region size 1024K, 34 young (34816K), 6 survivors (6144K)
 Metaspace       used 114941K, committed 117504K, reserved 557056K
  class space    used 15845K, committed 17088K, reserved 425984K

Heap Regions: E=young(eden), S=young(survivor), O=old, HS=humongous(starts), HC=humongous(continues), CS=collection set, F=free, TAMS=top-at-mark-start, PB=parsable bottom
|   0|0x0000000080000000, 0x0000000080100000, 0x0000000080100000|100%|HS|  |TAMS 0x0000000080000000| PB 0x0000000080000000| Complete 
|   1|0x0000000080100000, 0x0000000080200000, 0x0000000080200000|100%|HC|  |TAMS 0x0000000080100000| PB 0x0000000080100000| Complete 
|   2|0x0000000080200000, 0x0000000080300000, 0x0000000080300000|100%|HC|  |TAMS 0x0000000080200000| PB 0x0000000080200000| Complete 
|   3|0x0000000080300000, 0x0000000080400000, 0x0000000080400000|100%| O|  |TAMS 0x0000000080300000| PB 0x0000000080300000| Untracked 
|   4|0x0000000080400000, 0x0000000080500000, 0x0000000080500000|100%| O|  |TAMS 0x0000000080400000| PB 0x0000000080400000| Untracked 
|   5|0x0000000080500000, 0x0000000080600000, 0x0000000080600000|100%| O|  |TAMS 0x0000000080500000| PB 0x0000000080500000| Untracked 
|   6|0x0000000080600000, 0x0000000080700000, 0x0000000080700000|100%| O|  |TAMS 0x0000000080600000| PB 0x0000000080600000| Untracked 
|   7|0x0000000080700000, 0x0000000080800000, 0x0000000080800000|100%|HS|  |TAMS 0x0000000080700000| PB 0x0000000080700000| Complete 
|   8|0x0000000080800000, 0x0000000080900000, 0x0000000080900000|100%| O|  |TAMS 0x0000000080800000| PB 0x0000000080800000| Untracked 
|   9|0x0000000080900000, 0x0000000080a00000, 0x0000000080a00000|100%| O|  |TAMS 0x0000000080900000| PB 0x0000000080900000| Untracked 
|  10|0x0000000080a00000, 0x0000000080b00000, 0x0000000080b00000|100%| O|  |TAMS 0x0000000080a00000| PB 0x0000000080a00000| Untracked 
|  11|0x0000000080b00000, 0x0000000080bcb6a8, 0x0000000080c00000| 79%| O|  |TAMS 0x0000000080b00000| PB 0x0000000080b00000| Untracked 
|  12|0x0000000080c00000, 0x0000000080d00000, 0x0000000080d00000|100%| O|  |TAMS 0x0000000080c00000| PB 0x0000000080c00000| Untracked 
|  13|0x0000000080d00000, 0x0000000080e00000, 0x0000000080e00000|100%| O|  |TAMS 0x0000000080d00000| PB 0x0000000080d00000| Untracked 
|  14|0x0000000080e00000, 0x0000000080f00000, 0x0000000080f00000|100%| O|  |TAMS 0x0000000080e00000| PB 0x0000000080e00000| Untracked 
|  15|0x0000000080f00000, 0x0000000081000000, 0x0000000081000000|100%| O|  |TAMS 0x0000000080f00000| PB 0x0000000080f00000| Untracked 
|  16|0x0000000081000000, 0x0000000081100000, 0x0000000081100000|100%| O|  |TAMS 0x0000000081000000| PB 0x0000000081000000| Untracked 
|  17|0x0000000081100000, 0x0000000081200000, 0x0000000081200000|100%| O|  |TAMS 0x0000000081100000| PB 0x0000000081100000| Untracked 
|  18|0x0000000081200000, 0x0000000081300000, 0x0000000081300000|100%| O|  |TAMS 0x0000000081200000| PB 0x0000000081200000| Untracked 
|  19|0x0000000081300000, 0x0000000081400000, 0x0000000081400000|100%| O|  |TAMS 0x0000000081300000| PB 0x0000000081300000| Untracked 
|  20|0x0000000081400000, 0x0000000081500000, 0x0000000081500000|100%| O|  |TAMS 0x0000000081400000| PB 0x0000000081400000| Untracked 
|  21|0x0000000081500000, 0x0000000081600000, 0x0000000081600000|100%| O|  |TAMS 0x0000000081500000| PB 0x0000000081500000| Untracked 
|  22|0x0000000081600000, 0x0000000081700000, 0x0000000081700000|100%| O|  |TAMS 0x0000000081600000| PB 0x0000000081600000| Untracked 
|  23|0x0000000081700000, 0x0000000081800000, 0x0000000081800000|100%| O|  |TAMS 0x0000000081700000| PB 0x0000000081700000| Untracked 
|  24|0x0000000081800000, 0x0000000081900000, 0x0000000081900000|100%| O|  |TAMS 0x0000000081800000| PB 0x0000000081800000| Untracked 
|  25|0x0000000081900000, 0x0000000081a00000, 0x0000000081a00000|100%| O|  |TAMS 0x0000000081900000| PB 0x0000000081900000| Untracked 
|  26|0x0000000081a00000, 0x0000000081b00000, 0x0000000081b00000|100%| O|  |TAMS 0x0000000081a00000| PB 0x0000000081a00000| Untracked 
|  27|0x0000000081b00000, 0x0000000081c00000, 0x0000000081c00000|100%| O|  |TAMS 0x0000000081b00000| PB 0x0000000081b00000| Untracked 
|  28|0x0000000081c00000, 0x0000000081d00000, 0x0000000081d00000|100%| O|  |TAMS 0x0000000081c00000| PB 0x0000000081c00000| Untracked 
|  29|0x0000000081d00000, 0x0000000081e00000, 0x0000000081e00000|100%| O|  |TAMS 0x0000000081d00000| PB 0x0000000081d00000| Untracked 
|  30|0x0000000081e00000, 0x0000000081f00000, 0x0000000081f00000|100%| O|  |TAMS 0x0000000081e00000| PB 0x0000000081e00000| Untracked 
|  31|0x0000000081f00000, 0x0000000082000000, 0x0000000082000000|100%| O|  |TAMS 0x0000000081f00000| PB 0x0000000081f00000| Untracked 
|  32|0x0000000082000000, 0x0000000082100000, 0x0000000082100000|100%| O|  |TAMS 0x0000000082000000| PB 0x0000000082000000| Untracked 
|  33|0x0000000082100000, 0x0000000082200000, 0x0000000082200000|100%| O|  |TAMS 0x0000000082100000| PB 0x0000000082100000| Untracked 
|  34|0x0000000082200000, 0x0000000082300000, 0x0000000082300000|100%| O|  |TAMS 0x0000000082200000| PB 0x0000000082200000| Untracked 
|  35|0x0000000082300000, 0x0000000082400000, 0x0000000082400000|100%| O|  |TAMS 0x0000000082300000| PB 0x0000000082300000| Untracked 
|  36|0x0000000082400000, 0x0000000082500000, 0x0000000082500000|100%| O|  |TAMS 0x0000000082400000| PB 0x0000000082400000| Untracked 
|  37|0x0000000082500000, 0x0000000082600000, 0x0000000082600000|100%| O|  |TAMS 0x0000000082500000| PB 0x0000000082500000| Untracked 
|  38|0x0000000082600000, 0x0000000082700000, 0x0000000082700000|100%| O|  |TAMS 0x0000000082600000| PB 0x0000000082600000| Untracked 
|  39|0x0000000082700000, 0x0000000082800000, 0x0000000082800000|100%| O|  |TAMS 0x0000000082700000| PB 0x0000000082700000| Untracked 
|  40|0x0000000082800000, 0x0000000082900000, 0x0000000082900000|100%| O|  |TAMS 0x0000000082800000| PB 0x0000000082800000| Untracked 
|  41|0x0000000082900000, 0x0000000082a00000, 0x0000000082a00000|100%| O|  |TAMS 0x0000000082900000| PB 0x0000000082900000| Untracked 
|  42|0x0000000082a00000, 0x0000000082b00000, 0x0000000082b00000|100%| O|  |TAMS 0x0000000082a00000| PB 0x0000000082a00000| Untracked 
|  43|0x0000000082b00000, 0x0000000082c00000, 0x0000000082c00000|100%| O|  |TAMS 0x0000000082b00000| PB 0x0000000082b00000| Untracked 
|  44|0x0000000082c00000, 0x0000000082d00000, 0x0000000082d00000|100%| O|  |TAMS 0x0000000082c00000| PB 0x0000000082c00000| Untracked 
|  45|0x0000000082d00000, 0x0000000082e00000, 0x0000000082e00000|100%| O|  |TAMS 0x0000000082d00000| PB 0x0000000082d00000| Untracked 
|  46|0x0000000082e00000, 0x0000000082f00000, 0x0000000082f00000|100%| O|  |TAMS 0x0000000082e00000| PB 0x0000000082e00000| Untracked 
|  47|0x0000000082f00000, 0x0000000083000000, 0x0000000083000000|100%| O|  |TAMS 0x0000000082f00000| PB 0x0000000082f00000| Untracked 
|  48|0x0000000083000000, 0x0000000083100000, 0x0000000083100000|100%|HS|  |TAMS 0x0000000083000000| PB 0x0000000083000000| Complete 
|  49|0x0000000083100000, 0x0000000083200000, 0x0000000083200000|100%|HC|  |TAMS 0x0000000083100000| PB 0x0000000083100000| Complete 
|  50|0x0000000083200000, 0x0000000083300000, 0x0000000083300000|100%|HC|  |TAMS 0x0000000083200000| PB 0x0000000083200000| Complete 
|  51|0x0000000083300000, 0x0000000083400000, 0x0000000083400000|100%| O|  |TAMS 0x0000000083300000| PB 0x0000000083300000| Untracked 
|  52|0x0000000083400000, 0x0000000083500000, 0x0000000083500000|100%| O|  |TAMS 0x0000000083400000| PB 0x0000000083400000| Untracked 
|  53|0x0000000083500000, 0x0000000083600000, 0x0000000083600000|100%| O|Cm|TAMS 0x0000000083500000| PB 0x0000000083500000| Complete 
|  54|0x0000000083600000, 0x0000000083700000, 0x0000000083700000|100%| O|  |TAMS 0x0000000083600000| PB 0x0000000083600000| Untracked 
|  55|0x0000000083700000, 0x0000000083800000, 0x0000000083800000|100%| O|  |TAMS 0x0000000083700000| PB 0x0000000083700000| Untracked 
|  56|0x0000000083800000, 0x0000000083900000, 0x0000000083900000|100%| O|  |TAMS 0x0000000083800000| PB 0x0000000083800000| Untracked 
|  57|0x0000000083900000, 0x0000000083a00000, 0x0000000083a00000|100%| O|  |TAMS 0x0000000083900000| PB 0x0000000083900000| Untracked 
|  58|0x0000000083a00000, 0x0000000083b00000, 0x0000000083b00000|100%|HS|  |TAMS 0x0000000083a00000| PB 0x0000000083a00000| Complete 
|  59|0x0000000083b00000, 0x0000000083c00000, 0x0000000083c00000|100%|HC|  |TAMS 0x0000000083b00000| PB 0x0000000083b00000| Complete 
|  60|0x0000000083c00000, 0x0000000083d00000, 0x0000000083d00000|100%|HC|  |TAMS 0x0000000083c00000| PB 0x0000000083c00000| Complete 
|  61|0x0000000083d00000, 0x0000000083e00000, 0x0000000083e00000|100%| O|  |TAMS 0x0000000083d00000| PB 0x0000000083d00000| Untracked 
|  62|0x0000000083e00000, 0x0000000083f00000, 0x0000000083f00000|100%| O|  |TAMS 0x0000000083e00000| PB 0x0000000083e00000| Untracked 
|  63|0x0000000083f00000, 0x0000000084000000, 0x0000000084000000|100%| O|  |TAMS 0x0000000083f00000| PB 0x0000000083f00000| Untracked 
|  64|0x0000000084000000, 0x0000000084100000, 0x0000000084100000|100%| O|  |TAMS 0x0000000084000000| PB 0x0000000084000000| Untracked 
|  65|0x0000000084100000, 0x0000000084200000, 0x0000000084200000|100%| O|  |TAMS 0x0000000084100000| PB 0x0000000084100000| Untracked 
|  66|0x0000000084200000, 0x0000000084300000, 0x0000000084300000|100%| O|  |TAMS 0x0000000084200000| PB 0x0000000084200000| Untracked 
|  67|0x0000000084300000, 0x0000000084400000, 0x0000000084400000|100%| O|  |TAMS 0x0000000084300000| PB 0x0000000084300000| Untracked 
|  68|0x0000000084400000, 0x0000000084500000, 0x0000000084500000|100%| O|  |TAMS 0x0000000084400000| PB 0x0000000084400000| Untracked 
|  69|0x0000000084500000, 0x0000000084600000, 0x0000000084600000|100%| O|  |TAMS 0x0000000084500000| PB 0x0000000084500000| Untracked 
|  70|0x0000000084600000, 0x0000000084700000, 0x0000000084700000|100%| O|  |TAMS 0x0000000084600000| PB 0x0000000084600000| Untracked 
|  71|0x0000000084700000, 0x0000000084800000, 0x0000000084800000|100%| O|  |TAMS 0x0000000084700000| PB 0x0000000084700000| Untracked 
|  72|0x0000000084800000, 0x0000000084900000, 0x0000000084900000|100%| O|  |TAMS 0x0000000084800000| PB 0x0000000084800000| Untracked 
|  73|0x0000000084900000, 0x0000000084a00000, 0x0000000084a00000|100%| O|  |TAMS 0x0000000084900000| PB 0x0000000084900000| Untracked 
|  74|0x0000000084a00000, 0x0000000084b00000, 0x0000000084b00000|100%| O|  |TAMS 0x0000000084a00000| PB 0x0000000084a00000| Untracked 
|  75|0x0000000084b00000, 0x0000000084c00000, 0x0000000084c00000|100%| O|  |TAMS 0x0000000084b00000| PB 0x0000000084b00000| Untracked 
|  76|0x0000000084c00000, 0x0000000084d00000, 0x0000000084d00000|100%| O|  |TAMS 0x0000000084c00000| PB 0x0000000084c00000| Untracked 
|  77|0x0000000084d00000, 0x0000000084e00000, 0x0000000084e00000|100%| O|  |TAMS 0x0000000084d00000| PB 0x0000000084d00000| Untracked 
|  78|0x0000000084e00000, 0x0000000084f00000, 0x0000000084f00000|100%| O|  |TAMS 0x0000000084e00000| PB 0x0000000084e00000| Untracked 
|  79|0x0000000084f00000, 0x0000000085000000, 0x0000000085000000|100%| O|  |TAMS 0x0000000084f00000| PB 0x0000000084f00000| Untracked 
|  80|0x0000000085000000, 0x0000000085100000, 0x0000000085100000|100%|HS|  |TAMS 0x0000000085000000| PB 0x0000000085000000| Complete 
|  81|0x0000000085100000, 0x0000000085200000, 0x0000000085200000|100%|HC|  |TAMS 0x0000000085100000| PB 0x0000000085100000| Complete 
|  82|0x0000000085200000, 0x0000000085300000, 0x0000000085300000|100%|HC|  |TAMS 0x0000000085200000| PB 0x0000000085200000| Complete 
|  83|0x0000000085300000, 0x0000000085400000, 0x0000000085400000|100%| O|Cm|TAMS 0x0000000085300000| PB 0x0000000085300000| Complete 
|  84|0x0000000085400000, 0x0000000085500000, 0x0000000085500000|100%| O|  |TAMS 0x0000000085400000| PB 0x0000000085400000| Untracked 
|  85|0x0000000085500000, 0x0000000085600000, 0x0000000085600000|100%| O|  |TAMS 0x0000000085500000| PB 0x0000000085500000| Untracked 
|  86|0x0000000085600000, 0x0000000085700000, 0x0000000085700000|100%| O|Cm|TAMS 0x0000000085600000| PB 0x0000000085600000| Complete 
|  87|0x0000000085700000, 0x0000000085800000, 0x0000000085800000|100%| O|  |TAMS 0x0000000085700000| PB 0x0000000085700000| Untracked 
|  88|0x0000000085800000, 0x0000000085900000, 0x0000000085900000|100%| O|  |TAMS 0x0000000085800000| PB 0x0000000085800000| Untracked 
|  89|0x0000000085900000, 0x0000000085a00000, 0x0000000085a00000|100%| O|  |TAMS 0x0000000085900000| PB 0x0000000085900000| Untracked 
|  90|0x0000000085a00000, 0x0000000085b00000, 0x0000000085b00000|100%| O|  |TAMS 0x0000000085a00000| PB 0x0000000085a00000| Untracked 
|  91|0x0000000085b00000, 0x0000000085b00000, 0x0000000085c00000|  0%| F|  |TAMS 0x0000000085b00000| PB 0x0000000085b00000| Untracked 
|  92|0x0000000085c00000, 0x0000000085c00000, 0x0000000085d00000|  0%| F|  |TAMS 0x0000000085c00000| PB 0x0000000085c00000| Untracked 
|  93|0x0000000085d00000, 0x0000000085d00000, 0x0000000085e00000|  0%| F|  |TAMS 0x0000000085d00000| PB 0x0000000085d00000| Untracked 
|  94|0x0000000085e00000, 0x0000000085f00000, 0x0000000085f00000|100%| O|  |TAMS 0x0000000085e00000| PB 0x0000000085e00000| Untracked 
|  95|0x0000000085f00000, 0x0000000086000000, 0x0000000086000000|100%| O|  |TAMS 0x0000000085f00000| PB 0x0000000085f00000| Untracked 
|  96|0x0000000086000000, 0x0000000086100000, 0x0000000086100000|100%| O|  |TAMS 0x0000000086000000| PB 0x0000000086000000| Untracked 
|  97|0x0000000086100000, 0x0000000086200000, 0x0000000086200000|100%| O|Cm|TAMS 0x0000000086100000| PB 0x0000000086100000| Complete 
|  98|0x0000000086200000, 0x0000000086200000, 0x0000000086300000|  0%| F|  |TAMS 0x0000000086200000| PB 0x0000000086200000| Untracked 
|  99|0x0000000086300000, 0x0000000086400000, 0x0000000086400000|100%|HS|  |TAMS 0x0000000086300000| PB 0x0000000086300000| Complete 
| 100|0x0000000086400000, 0x0000000086500000, 0x0000000086500000|100%|HC|  |TAMS 0x0000000086400000| PB 0x0000000086400000| Complete 
| 101|0x0000000086500000, 0x0000000086600000, 0x0000000086600000|100%|HS|  |TAMS 0x0000000086500000| PB 0x0000000086500000| Complete 
| 102|0x0000000086600000, 0x0000000086700000, 0x0000000086700000|100%|HC|  |TAMS 0x0000000086600000| PB 0x0000000086600000| Complete 
| 103|0x0000000086700000, 0x0000000086800000, 0x0000000086800000|100%|HS|  |TAMS 0x0000000086700000| PB 0x0000000086700000| Complete 
| 104|0x0000000086800000, 0x0000000086900000, 0x0000000086900000|100%|HC|  |TAMS 0x0000000086800000| PB 0x0000000086800000| Complete 
| 105|0x0000000086900000, 0x0000000086a00000, 0x0000000086a00000|100%|HC|  |TAMS 0x0000000086900000| PB 0x0000000086900000| Complete 
| 106|0x0000000086a00000, 0x0000000086b00000, 0x0000000086b00000|100%|HS|  |TAMS 0x0000000086a00000| PB 0x0000000086a00000| Complete 
| 107|0x0000000086b00000, 0x0000000086c00000, 0x0000000086c00000|100%|HC|  |TAMS 0x0000000086b00000| PB 0x0000000086b00000| Complete 
| 108|0x0000000086c00000, 0x0000000086d00000, 0x0000000086d00000|100%|HC|  |TAMS 0x0000000086c00000| PB 0x0000000086c00000| Complete 
| 109|0x0000000086d00000, 0x0000000086e00000, 0x0000000086e00000|100%| O|  |TAMS 0x0000000086d00000| PB 0x0000000086d00000| Untracked 
| 110|0x0000000086e00000, 0x0000000086f00000, 0x0000000086f00000|100%| O|  |TAMS 0x0000000086e00000| PB 0x0000000086e00000| Untracked 
| 111|0x0000000086f00000, 0x0000000087000000, 0x0000000087000000|100%| O|  |TAMS 0x0000000086f00000| PB 0x0000000086f00000| Untracked 
| 112|0x0000000087000000, 0x0000000087100000, 0x0000000087100000|100%| O|  |TAMS 0x0000000087000000| PB 0x0000000087000000| Untracked 
| 113|0x0000000087100000, 0x0000000087200000, 0x0000000087200000|100%| O|  |TAMS 0x0000000087100000| PB 0x0000000087100000| Untracked 
| 114|0x0000000087200000, 0x0000000087300000, 0x0000000087300000|100%| O|  |TAMS 0x0000000087200000| PB 0x0000000087200000| Untracked 
| 115|0x0000000087300000, 0x0000000087400000, 0x0000000087400000|100%| O|  |TAMS 0x0000000087300000| PB 0x0000000087300000| Untracked 
| 116|0x0000000087400000, 0x0000000087500000, 0x0000000087500000|100%| O|  |TAMS 0x0000000087400000| PB 0x0000000087400000| Untracked 
| 117|0x0000000087500000, 0x0000000087600000, 0x0000000087600000|100%| O|  |TAMS 0x0000000087500000| PB 0x0000000087500000| Untracked 
| 118|0x0000000087600000, 0x000000008764b240, 0x0000000087700000| 29%| O|  |TAMS 0x0000000087600000| PB 0x0000000087600000| Untracked 
| 119|0x0000000087700000, 0x0000000087700000, 0x0000000087800000|  0%| F|  |TAMS 0x0000000087700000| PB 0x0000000087700000| Untracked 
| 120|0x0000000087800000, 0x0000000087800000, 0x0000000087900000|  0%| F|  |TAMS 0x0000000087800000| PB 0x0000000087800000| Untracked 
| 121|0x0000000087900000, 0x0000000087900000, 0x0000000087a00000|  0%| F|  |TAMS 0x0000000087900000| PB 0x0000000087900000| Untracked 
| 122|0x0000000087a00000, 0x0000000087a00000, 0x0000000087b00000|  0%| F|  |TAMS 0x0000000087a00000| PB 0x0000000087a00000| Untracked 
| 123|0x0000000087b00000, 0x0000000087b00000, 0x0000000087c00000|  0%| F|  |TAMS 0x0000000087b00000| PB 0x0000000087b00000| Untracked 
| 124|0x0000000087c00000, 0x0000000087c00000, 0x0000000087d00000|  0%| F|  |TAMS 0x0000000087c00000| PB 0x0000000087c00000| Untracked 
| 125|0x0000000087d00000, 0x0000000087d00000, 0x0000000087e00000|  0%| F|  |TAMS 0x0000000087d00000| PB 0x0000000087d00000| Untracked 
| 126|0x0000000087e00000, 0x0000000087e00000, 0x0000000087f00000|  0%| F|  |TAMS 0x0000000087e00000| PB 0x0000000087e00000| Untracked 
| 127|0x0000000087f00000, 0x0000000087f00000, 0x0000000088000000|  0%| F|  |TAMS 0x0000000087f00000| PB 0x0000000087f00000| Untracked 
| 128|0x0000000088000000, 0x0000000088000000, 0x0000000088100000|  0%| F|  |TAMS 0x0000000088000000| PB 0x0000000088000000| Untracked 
| 129|0x0000000088100000, 0x0000000088100000, 0x0000000088200000|  0%| F|  |TAMS 0x0000000088100000| PB 0x0000000088100000| Untracked 
| 130|0x0000000088200000, 0x0000000088200000, 0x0000000088300000|  0%| F|  |TAMS 0x0000000088200000| PB 0x0000000088200000| Untracked 
| 131|0x0000000088300000, 0x0000000088300000, 0x0000000088400000|  0%| F|  |TAMS 0x0000000088300000| PB 0x0000000088300000| Untracked 
| 132|0x0000000088400000, 0x0000000088400000, 0x0000000088500000|  0%| F|  |TAMS 0x0000000088400000| PB 0x0000000088400000| Untracked 
| 133|0x0000000088500000, 0x0000000088500000, 0x0000000088600000|  0%| F|  |TAMS 0x0000000088500000| PB 0x0000000088500000| Untracked 
| 134|0x0000000088600000, 0x0000000088600000, 0x0000000088700000|  0%| F|  |TAMS 0x0000000088600000| PB 0x0000000088600000| Untracked 
| 135|0x0000000088700000, 0x0000000088700000, 0x0000000088800000|  0%| F|  |TAMS 0x0000000088700000| PB 0x0000000088700000| Untracked 
| 136|0x0000000088800000, 0x0000000088800000, 0x0000000088900000|  0%| F|  |TAMS 0x0000000088800000| PB 0x0000000088800000| Untracked 
| 137|0x0000000088900000, 0x0000000088900000, 0x0000000088a00000|  0%| F|  |TAMS 0x0000000088900000| PB 0x0000000088900000| Untracked 
| 138|0x0000000088a00000, 0x0000000088a00000, 0x0000000088b00000|  0%| F|  |TAMS 0x0000000088a00000| PB 0x0000000088a00000| Untracked 
| 139|0x0000000088b00000, 0x0000000088b00000, 0x0000000088c00000|  0%| F|  |TAMS 0x0000000088b00000| PB 0x0000000088b00000| Untracked 
| 140|0x0000000088c00000, 0x0000000088c00000, 0x0000000088d00000|  0%| F|  |TAMS 0x0000000088c00000| PB 0x0000000088c00000| Untracked 
| 141|0x0000000088d00000, 0x0000000088d00000, 0x0000000088e00000|  0%| F|  |TAMS 0x0000000088d00000| PB 0x0000000088d00000| Untracked 
| 142|0x0000000088e00000, 0x0000000088e00000, 0x0000000088f00000|  0%| F|  |TAMS 0x0000000088e00000| PB 0x0000000088e00000| Untracked 
| 143|0x0000000088f00000, 0x0000000088f00000, 0x0000000089000000|  0%| F|  |TAMS 0x0000000088f00000| PB 0x0000000088f00000| Untracked 
| 144|0x0000000089000000, 0x0000000089000000, 0x0000000089100000|  0%| F|  |TAMS 0x0000000089000000| PB 0x0000000089000000| Untracked 
| 145|0x0000000089100000, 0x00000000891393b0, 0x0000000089200000| 22%| S|CS|TAMS 0x0000000089100000| PB 0x0000000089100000| Complete 
| 146|0x0000000089200000, 0x0000000089300000, 0x0000000089300000|100%| S|CS|TAMS 0x0000000089200000| PB 0x0000000089200000| Complete 
| 147|0x0000000089300000, 0x0000000089400000, 0x0000000089400000|100%| S|CS|TAMS 0x0000000089300000| PB 0x0000000089300000| Complete 
| 148|0x0000000089400000, 0x0000000089500000, 0x0000000089500000|100%| S|CS|TAMS 0x0000000089400000| PB 0x0000000089400000| Complete 
| 149|0x0000000089500000, 0x0000000089600000, 0x0000000089600000|100%| S|CS|TAMS 0x0000000089500000| PB 0x0000000089500000| Complete 
| 150|0x0000000089600000, 0x0000000089700000, 0x0000000089700000|100%| S|CS|TAMS 0x0000000089600000| PB 0x0000000089600000| Complete 
| 151|0x0000000089700000, 0x0000000089700000, 0x0000000089800000|  0%| F|  |TAMS 0x0000000089700000| PB 0x0000000089700000| Untracked 
| 152|0x0000000089800000, 0x0000000089800000, 0x0000000089900000|  0%| F|  |TAMS 0x0000000089800000| PB 0x0000000089800000| Untracked 
| 153|0x0000000089900000, 0x0000000089900000, 0x0000000089a00000|  0%| F|  |TAMS 0x0000000089900000| PB 0x0000000089900000| Untracked 
| 154|0x0000000089a00000, 0x0000000089a00000, 0x0000000089b00000|  0%| F|  |TAMS 0x0000000089a00000| PB 0x0000000089a00000| Untracked 
| 155|0x0000000089b00000, 0x0000000089b00000, 0x0000000089c00000|  0%| F|  |TAMS 0x0000000089b00000| PB 0x0000000089b00000| Untracked 
| 156|0x0000000089c00000, 0x0000000089c00000, 0x0000000089d00000|  0%| F|  |TAMS 0x0000000089c00000| PB 0x0000000089c00000| Untracked 
| 157|0x0000000089d00000, 0x0000000089d00000, 0x0000000089e00000|  0%| F|  |TAMS 0x0000000089d00000| PB 0x0000000089d00000| Untracked 
| 158|0x0000000089e00000, 0x0000000089e00000, 0x0000000089f00000|  0%| F|  |TAMS 0x0000000089e00000| PB 0x0000000089e00000| Untracked 
| 159|0x0000000089f00000, 0x0000000089f00000, 0x000000008a000000|  0%| F|  |TAMS 0x0000000089f00000| PB 0x0000000089f00000| Untracked 
| 160|0x000000008a000000, 0x000000008a000000, 0x000000008a100000|  0%| F|  |TAMS 0x000000008a000000| PB 0x000000008a000000| Untracked 
| 161|0x000000008a100000, 0x000000008a100000, 0x000000008a200000|  0%| F|  |TAMS 0x000000008a100000| PB 0x000000008a100000| Untracked 
| 162|0x000000008a200000, 0x000000008a200000, 0x000000008a300000|  0%| F|  |TAMS 0x000000008a200000| PB 0x000000008a200000| Untracked 
| 163|0x000000008a300000, 0x000000008a300000, 0x000000008a400000|  0%| F|  |TAMS 0x000000008a300000| PB 0x000000008a300000| Untracked 
| 164|0x000000008a400000, 0x000000008a400000, 0x000000008a500000|  0%| F|  |TAMS 0x000000008a400000| PB 0x000000008a400000| Untracked 
| 165|0x000000008a500000, 0x000000008a500000, 0x000000008a600000|  0%| F|  |TAMS 0x000000008a500000| PB 0x000000008a500000| Untracked 
| 166|0x000000008a600000, 0x000000008a600000, 0x000000008a700000|  0%| F|  |TAMS 0x000000008a600000| PB 0x000000008a600000| Untracked 
| 167|0x000000008a700000, 0x000000008a7a3cc8, 0x000000008a800000| 63%| E|  |TAMS 0x000000008a700000| PB 0x000000008a700000| Complete 
| 168|0x000000008a800000, 0x000000008a900000, 0x000000008a900000|100%| E|CS|TAMS 0x000000008a800000| PB 0x000000008a800000| Complete 
| 169|0x000000008a900000, 0x000000008aa00000, 0x000000008aa00000|100%| E|  |TAMS 0x000000008a900000| PB 0x000000008a900000| Complete 
| 170|0x000000008aa00000, 0x000000008ab00000, 0x000000008ab00000|100%| E|CS|TAMS 0x000000008aa00000| PB 0x000000008aa00000| Complete 
| 171|0x000000008ab00000, 0x000000008ac00000, 0x000000008ac00000|100%| E|CS|TAMS 0x000000008ab00000| PB 0x000000008ab00000| Complete 
| 172|0x000000008ac00000, 0x000000008ad00000, 0x000000008ad00000|100%| E|CS|TAMS 0x000000008ac00000| PB 0x000000008ac00000| Complete 
| 173|0x000000008ad00000, 0x000000008ae00000, 0x000000008ae00000|100%| E|CS|TAMS 0x000000008ad00000| PB 0x000000008ad00000| Complete 
| 174|0x000000008ae00000, 0x000000008af00000, 0x000000008af00000|100%| E|CS|TAMS 0x000000008ae00000| PB 0x000000008ae00000| Complete 
| 175|0x000000008af00000, 0x000000008b000000, 0x000000008b000000|100%| E|CS|TAMS 0x000000008af00000| PB 0x000000008af00000| Complete 
| 176|0x000000008b000000, 0x000000008b100000, 0x000000008b100000|100%| E|CS|TAMS 0x000000008b000000| PB 0x000000008b000000| Complete 
| 177|0x000000008b100000, 0x000000008b200000, 0x000000008b200000|100%| E|CS|TAMS 0x000000008b100000| PB 0x000000008b100000| Complete 
| 178|0x000000008b200000, 0x000000008b300000, 0x000000008b300000|100%| E|CS|TAMS 0x000000008b200000| PB 0x000000008b200000| Complete 
| 179|0x000000008b300000, 0x000000008b400000, 0x000000008b400000|100%| E|CS|TAMS 0x000000008b300000| PB 0x000000008b300000| Complete 
| 202|0x000000008ca00000, 0x000000008cb00000, 0x000000008cb00000|100%| E|CS|TAMS 0x000000008ca00000| PB 0x000000008ca00000| Complete 
| 203|0x000000008cb00000, 0x000000008cc00000, 0x000000008cc00000|100%| E|CS|TAMS 0x000000008cb00000| PB 0x000000008cb00000| Complete 
| 204|0x000000008cc00000, 0x000000008cd00000, 0x000000008cd00000|100%| E|CS|TAMS 0x000000008cc00000| PB 0x000000008cc00000| Complete 
| 205|0x000000008cd00000, 0x000000008ce00000, 0x000000008ce00000|100%| E|CS|TAMS 0x000000008cd00000| PB 0x000000008cd00000| Complete 
| 206|0x000000008ce00000, 0x000000008cf00000, 0x000000008cf00000|100%| E|CS|TAMS 0x000000008ce00000| PB 0x000000008ce00000| Complete 
| 207|0x000000008cf00000, 0x000000008d000000, 0x000000008d000000|100%| E|CS|TAMS 0x000000008cf00000| PB 0x000000008cf00000| Complete 
| 208|0x000000008d000000, 0x000000008d100000, 0x000000008d100000|100%| E|CS|TAMS 0x000000008d000000| PB 0x000000008d000000| Complete 
| 209|0x000000008d100000, 0x000000008d200000, 0x000000008d200000|100%| E|CS|TAMS 0x000000008d100000| PB 0x000000008d100000| Complete 
| 210|0x000000008d200000, 0x000000008d300000, 0x000000008d300000|100%| E|CS|TAMS 0x000000008d200000| PB 0x000000008d200000| Complete 
| 211|0x000000008d300000, 0x000000008d400000, 0x000000008d400000|100%| E|CS|TAMS 0x000000008d300000| PB 0x000000008d300000| Complete 
| 212|0x000000008d400000, 0x000000008d500000, 0x000000008d500000|100%| E|CS|TAMS 0x000000008d400000| PB 0x000000008d400000| Complete 
| 213|0x000000008d500000, 0x000000008d600000, 0x000000008d600000|100%| E|CS|TAMS 0x000000008d500000| PB 0x000000008d500000| Complete 
| 214|0x000000008d600000, 0x000000008d700000, 0x000000008d700000|100%| E|CS|TAMS 0x000000008d600000| PB 0x000000008d600000| Complete 
| 251|0x000000008fb00000, 0x000000008fc00000, 0x000000008fc00000|100%| E|CS|TAMS 0x000000008fb00000| PB 0x000000008fb00000| Complete 
|2042|0x00000000ffa00000, 0x00000000ffb00000, 0x00000000ffb00000|100%| O|Cm|TAMS 0x00000000ffa00000| PB 0x00000000ffa00000| Complete 
|2043|0x00000000ffb00000, 0x00000000ffc00000, 0x00000000ffc00000|100%| O|  |TAMS 0x00000000ffb00000| PB 0x00000000ffb00000| Untracked 
|2044|0x00000000ffc00000, 0x00000000ffd00000, 0x00000000ffd00000|100%| O|  |TAMS 0x00000000ffc00000| PB 0x00000000ffc00000| Untracked 
|2045|0x00000000ffd00000, 0x00000000ffe00000, 0x00000000ffe00000|100%| E|CS|TAMS 0x00000000ffd00000| PB 0x00000000ffd00000| Complete 
|2046|0x00000000ffe00000, 0x00000000fff00000, 0x00000000fff00000|100%| O|  |TAMS 0x00000000ffe00000| PB 0x00000000ffe00000| Untracked 
|2047|0x00000000fff00000, 0x0000000100000000, 0x0000000100000000|100%| O|  |TAMS 0x00000000fff00000| PB 0x00000000fff00000| Untracked 

Card table byte_map: [0x000002cd7c6b0000,0x000002cd7cab0000] _byte_map_base: 0x000002cd7c2b0000

Marking Bits: (CMBitMap*) 0x000002cd69bbbfa0
 Bits: [0x000002cd7cab0000, 0x000002cd7eab0000)

Polling page: 0x000002cd67bd0000

Metaspace:

Usage:
  Non-class:     96.77 MB used.
      Class:     15.47 MB used.
       Both:    112.25 MB used.

Virtual space:
  Non-class space:      128.00 MB reserved,      98.06 MB ( 77%) committed,  2 nodes.
      Class space:      416.00 MB reserved,      16.69 MB (  4%) committed,  1 nodes.
             Both:      544.00 MB reserved,     114.75 MB ( 21%) committed. 

Chunk freelists:
   Non-Class:  13.88 MB
       Class:  15.16 MB
        Both:  29.04 MB

MaxMetaspaceSize: 512.00 MB
CompressedClassSpaceSize: 416.00 MB
Initial GC threshold: 21.00 MB
Current GC threshold: 188.06 MB
CDS: on
 - commit_granule_bytes: 65536.
 - commit_granule_words: 8192.
 - virtual_space_node_default_size: 8388608.
 - enlarge_chunks_in_place: 1.
 - use_allocation_guard: 0.


Internal statistics:

num_allocs_failed_limit: 6.
num_arena_births: 4600.
num_arena_deaths: 162.
num_vsnodes_births: 3.
num_vsnodes_deaths: 0.
num_space_committed: 1836.
num_space_uncommitted: 0.
num_chunks_returned_to_freelist: 253.
num_chunks_taken_from_freelist: 10306.
num_chunk_merges: 82.
num_chunk_splits: 6500.
num_chunks_enlarged: 3865.
num_inconsistent_stats: 0.

CodeHeap 'non-profiled nmethods': size=120000Kb used=7544Kb max_used=7544Kb free=112455Kb
 bounds [0x000002cd74830000, 0x000002cd74f90000, 0x000002cd7bd60000]
CodeHeap 'profiled nmethods': size=120000Kb used=27073Kb max_used=27073Kb free=92926Kb
 bounds [0x000002cd6cd60000, 0x000002cd6e7e0000, 0x000002cd74290000]
CodeHeap 'non-nmethods': size=5760Kb used=2791Kb max_used=2853Kb free=2969Kb
 bounds [0x000002cd74290000, 0x000002cd74560000, 0x000002cd74830000]
CodeCache: size=245760Kb, used=37408Kb, max_used=37470Kb, free=208350Kb
 total_blobs=14775, nmethods=13736, adapters=942, full_count=0
Compilation: enabled, stopped_count=0, restarted_count=0

Compilation events (20 events):
Event: 43.946 Thread 0x000002cd7f73b650 16080       3       java.io.ObjectInputStream::readChar (8 bytes)
Event: 43.946 Thread 0x000002cd7f73b650 nmethod 16080 0x000002cd6e7cbc10 code [0x000002cd6e7cbdc0, 0x000002cd6e7cbf10]
Event: 43.946 Thread 0x000002cd7f73b650 16082       3       java.io.ObjectInputStream::readFields (71 bytes)
Event: 43.947 Thread 0x000002cd7f73b650 nmethod 16082 0x000002cd6e7cc010 code [0x000002cd6e7cc260, 0x000002cd6e7cc950]
Event: 43.948 Thread 0x000002cd7f72edd0 nmethod 16064 0x000002cd74f8c810 code [0x000002cd74f8ca20, 0x000002cd74f8d908]
Event: 43.949 Thread 0x000002cd7f72edd0 16062       4       java.lang.invoke.MethodHandleImpl::makePairwiseConvertByEditor (617 bytes)
Event: 43.978 Thread 0x000002cd7f73b650 16084       3       org.gradle.internal.classpath.Instrumented::systemProperty (21 bytes)
Event: 43.978 Thread 0x000002cd7f73b650 nmethod 16084 0x000002cd6e7ccc90 code [0x000002cd6e7ccea0, 0x000002cd6e7cd5a0]
Event: 43.980 Thread 0x000002cd7f73b650 16085       3       org.gradle.internal.classpath.Instrumented::systemProperty (7 bytes)
Event: 43.980 Thread 0x000002cd7f73b650 nmethod 16085 0x000002cd6e7cd810 code [0x000002cd6e7cda40, 0x000002cd6e7ce190]
Event: 43.988 Thread 0x000002cd7f73b650 16086       3       sun.security.provider.HashDrbg::addBytes (130 bytes)
Event: 43.989 Thread 0x000002cd7f73b650 nmethod 16086 0x000002cd6e7ce410 code [0x000002cd6e7ce5e0, 0x000002cd6e7ce968]
Event: 44.021 Thread 0x000002cd7f73b650 16091       3       java.lang.Character::isSpaceChar (19 bytes)
Event: 44.021 Thread 0x000002cd7f73b650 nmethod 16091 0x000002cd6e7ceb90 code [0x000002cd6e7ced60, 0x000002cd6e7cf008]
Event: 44.021 Thread 0x000002cd7f73b650 16090       3       java.lang.Character::isSpaceChar (5 bytes)
Event: 44.021 Thread 0x000002cd7f73b650 nmethod 16090 0x000002cd6e7cf110 code [0x000002cd6e7cf2e0, 0x000002cd6e7cf5f0]
Event: 44.157 Thread 0x000002cd7f73b650 16092       3       sun.security.jca.ProviderList::getService (122 bytes)
Event: 44.158 Thread 0x000002cd7f73b650 nmethod 16092 0x000002cd6e7cf710 code [0x000002cd6e7cf9c0, 0x000002cd6e7d0710]
Event: 44.158 Thread 0x000002cd7f73b650 16093       3       java.lang.Byte::valueOf (14 bytes)
Event: 44.158 Thread 0x000002cd7f73b650 nmethod 16093 0x000002cd6e7d0c90 code [0x000002cd6e7d0e20, 0x000002cd6e7d0f40]

GC Heap History (20 events):
Event: 20.460 GC heap before
{Heap before GC invocations=35 (full 0):
 garbage-first heap   total 142336K, used 130231K [0x0000000080000000, 0x0000000100000000)
  region size 1024K, 42 young (43008K), 5 survivors (5120K)
 Metaspace       used 91835K, committed 94144K, reserved 557056K
  class space    used 13088K, committed 14208K, reserved 425984K
}
Event: 20.467 GC heap after
{Heap after GC invocations=36 (full 0):
 garbage-first heap   total 144384K, used 94081K [0x0000000080000000, 0x0000000100000000)
  region size 1024K, 5 young (5120K), 5 survivors (5120K)
 Metaspace       used 91835K, committed 94144K, reserved 557056K
  class space    used 13088K, committed 14208K, reserved 425984K
}
Event: 29.903 GC heap before
{Heap before GC invocations=36 (full 0):
 garbage-first heap   total 144384K, used 128897K [0x0000000080000000, 0x0000000100000000)
  region size 1024K, 40 young (40960K), 5 survivors (5120K)
 Metaspace       used 94507K, committed 96960K, reserved 557056K
  class space    used 13451K, committed 14656K, reserved 425984K
}
Event: 29.909 GC heap after
{Heap after GC invocations=37 (full 0):
 garbage-first heap   total 144384K, used 98633K [0x0000000080000000, 0x0000000100000000)
  region size 1024K, 5 young (5120K), 5 survivors (5120K)
 Metaspace       used 94507K, committed 96960K, reserved 557056K
  class space    used 13451K, committed 14656K, reserved 425984K
}
Event: 35.305 GC heap before
{Heap before GC invocations=38 (full 0):
 garbage-first heap   total 165888K, used 132425K [0x0000000080000000, 0x0000000100000000)
  region size 1024K, 37 young (37888K), 5 survivors (5120K)
 Metaspace       used 98406K, committed 100800K, reserved 557056K
  class space    used 13743K, committed 14912K, reserved 425984K
}
Event: 35.309 GC heap after
{Heap after GC invocations=39 (full 0):
 garbage-first heap   total 165888K, used 99034K [0x0000000080000000, 0x0000000100000000)
  region size 1024K, 2 young (2048K), 2 survivors (2048K)
 Metaspace       used 98406K, committed 100800K, reserved 557056K
  class space    used 13743K, committed 14912K, reserved 425984K
}
Event: 37.450 GC heap before
{Heap before GC invocations=39 (full 0):
 garbage-first heap   total 165888K, used 150234K [0x0000000080000000, 0x0000000100000000)
  region size 1024K, 51 young (52224K), 2 survivors (2048K)
 Metaspace       used 100238K, committed 102720K, reserved 557056K
  class space    used 13972K, committed 15168K, reserved 425984K
}
Event: 37.457 GC heap after
{Heap after GC invocations=40 (full 0):
 garbage-first heap   total 165888K, used 100937K [0x0000000080000000, 0x0000000100000000)
  region size 1024K, 7 young (7168K), 7 survivors (7168K)
 Metaspace       used 100238K, committed 102720K, reserved 557056K
  class space    used 13972K, committed 15168K, reserved 425984K
}
Event: 37.892 GC heap before
{Heap before GC invocations=40 (full 0):
 garbage-first heap   total 165888K, used 149065K [0x0000000080000000, 0x0000000100000000)
  region size 1024K, 54 young (55296K), 7 survivors (7168K)
 Metaspace       used 100457K, committed 102912K, reserved 557056K
  class space    used 13991K, committed 15168K, reserved 425984K
}
Event: 37.896 GC heap after
{Heap after GC invocations=41 (full 0):
 garbage-first heap   total 165888K, used 104554K [0x0000000080000000, 0x0000000100000000)
  region size 1024K, 5 young (5120K), 5 survivors (5120K)
 Metaspace       used 100457K, committed 102912K, reserved 557056K
  class space    used 13991K, committed 15168K, reserved 425984K
}
Event: 39.024 GC heap before
{Heap before GC invocations=41 (full 0):
 garbage-first heap   total 165888K, used 148586K [0x0000000080000000, 0x0000000100000000)
  region size 1024K, 48 young (49152K), 5 survivors (5120K)
 Metaspace       used 105558K, committed 108032K, reserved 557056K
  class space    used 14642K, committed 15872K, reserved 425984K
}
Event: 39.028 GC heap after
{Heap after GC invocations=42 (full 0):
 garbage-first heap   total 165888K, used 105740K [0x0000000080000000, 0x0000000100000000)
  region size 1024K, 4 young (4096K), 4 survivors (4096K)
 Metaspace       used 105558K, committed 108032K, reserved 557056K
  class space    used 14642K, committed 15872K, reserved 425984K
}
Event: 40.268 GC heap before
{Heap before GC invocations=43 (full 0):
 garbage-first heap   total 179200K, used 155916K [0x0000000080000000, 0x0000000100000000)
  region size 1024K, 47 young (48128K), 4 survivors (4096K)
 Metaspace       used 107623K, committed 110144K, reserved 557056K
  class space    used 14916K, committed 16128K, reserved 425984K
}
Event: 40.271 GC heap after
{Heap after GC invocations=44 (full 0):
 garbage-first heap   total 179200K, used 115507K [0x0000000080000000, 0x0000000100000000)
  region size 1024K, 6 young (6144K), 6 survivors (6144K)
 Metaspace       used 107623K, committed 110144K, reserved 557056K
  class space    used 14916K, committed 16128K, reserved 425984K
}
Event: 41.049 GC heap before
{Heap before GC invocations=44 (full 0):
 garbage-first heap   total 179200K, used 166707K [0x0000000080000000, 0x0000000100000000)
  region size 1024K, 53 young (54272K), 6 survivors (6144K)
 Metaspace       used 111432K, committed 113920K, reserved 557056K
  class space    used 15449K, committed 16640K, reserved 425984K
}
Event: 41.057 GC heap after
{Heap after GC invocations=45 (full 0):
 garbage-first heap   total 182272K, used 115273K [0x0000000080000000, 0x0000000100000000)
  region size 1024K, 6 young (6144K), 6 survivors (6144K)
 Metaspace       used 111432K, committed 113920K, reserved 557056K
  class space    used 15449K, committed 16640K, reserved 425984K
}
Event: 41.986 GC heap before
{Heap before GC invocations=45 (full 0):
 garbage-first heap   total 182272K, used 166473K [0x0000000080000000, 0x0000000100000000)
  region size 1024K, 56 young (57344K), 6 survivors (6144K)
 Metaspace       used 112935K, committed 115520K, reserved 557056K
  class space    used 15646K, committed 16896K, reserved 425984K
}
Event: 41.991 GC heap after
{Heap after GC invocations=46 (full 0):
 garbage-first heap   total 182272K, used 121866K [0x0000000080000000, 0x0000000100000000)
  region size 1024K, 7 young (7168K), 7 survivors (7168K)
 Metaspace       used 112935K, committed 115520K, reserved 557056K
  class space    used 15646K, committed 16896K, reserved 425984K
}
Event: 43.258 GC heap before
{Heap before GC invocations=47 (full 0):
 garbage-first heap   total 204800K, used 165898K [0x0000000080000000, 0x0000000100000000)
  region size 1024K, 51 young (52224K), 7 survivors (7168K)
 Metaspace       used 113546K, committed 116032K, reserved 557056K
  class space    used 15684K, committed 16896K, reserved 425984K
}
Event: 43.264 GC heap after
{Heap after GC invocations=48 (full 0):
 garbage-first heap   total 204800K, used 127295K [0x0000000080000000, 0x0000000100000000)
  region size 1024K, 6 young (6144K), 6 survivors (6144K)
 Metaspace       used 113546K, committed 116032K, reserved 557056K
  class space    used 15684K, committed 16896K, reserved 425984K
}

Dll operation events (15 events):
Event: 0.029 Loaded shared library C:\Users\programador.02\.windsurf\extensions\redhat.java-1.55.0-win32-x64\jre\21.0.11-win32-x86_64\bin\java.dll
Event: 0.152 Loaded shared library C:\Users\programador.02\.windsurf\extensions\redhat.java-1.55.0-win32-x64\jre\21.0.11-win32-x86_64\bin\zip.dll
Event: 0.180 Loaded shared library C:\Users\programador.02\.windsurf\extensions\redhat.java-1.55.0-win32-x64\jre\21.0.11-win32-x86_64\bin\instrument.dll
Event: 0.186 Loaded shared library C:\Users\programador.02\.windsurf\extensions\redhat.java-1.55.0-win32-x64\jre\21.0.11-win32-x86_64\bin\net.dll
Event: 0.189 Loaded shared library C:\Users\programador.02\.windsurf\extensions\redhat.java-1.55.0-win32-x64\jre\21.0.11-win32-x86_64\bin\nio.dll
Event: 0.192 Loaded shared library C:\Users\programador.02\.windsurf\extensions\redhat.java-1.55.0-win32-x64\jre\21.0.11-win32-x86_64\bin\zip.dll
Event: 0.612 Loaded shared library C:\Users\programador.02\.windsurf\extensions\redhat.java-1.55.0-win32-x64\jre\21.0.11-win32-x86_64\bin\jimage.dll
Event: 0.849 Loaded shared library C:\Users\programador.02\.windsurf\extensions\redhat.java-1.55.0-win32-x64\jre\21.0.11-win32-x86_64\bin\verify.dll
Event: 0.989 Loaded shared library C:\Users\programador.02\.gradle\native\1def1411415f61bf3af743bc5b6707747c0891f09f0c88961ee8f79bc544acac\windows-amd64\native-platform.dll
Event: 1.009 Loaded shared library C:\Users\programador.02\.gradle\native\0.2.7\x86_64-windows-gnu\gradle-fileevents.dll
Event: 2.735 Loaded shared library C:\Users\programador.02\.windsurf\extensions\redhat.java-1.55.0-win32-x64\jre\21.0.11-win32-x86_64\bin\management.dll
Event: 2.738 Loaded shared library C:\Users\programador.02\.windsurf\extensions\redhat.java-1.55.0-win32-x64\jre\21.0.11-win32-x86_64\bin\management_ext.dll
Event: 2.926 Loaded shared library C:\Users\programador.02\.windsurf\extensions\redhat.java-1.55.0-win32-x64\jre\21.0.11-win32-x86_64\bin\extnet.dll
Event: 3.169 Loaded shared library C:\Users\programador.02\.windsurf\extensions\redhat.java-1.55.0-win32-x64\jre\21.0.11-win32-x86_64\bin\sunmscapi.dll
Event: 20.941 Loaded shared library C:\Users\programador.02\.windsurf\extensions\redhat.java-1.55.0-win32-x64\jre\21.0.11-win32-x86_64\bin\rmi.dll

Deoptimization events (20 events):
Event: 42.648 Thread 0x000002cd250fef30 Uncommon trap: trap_request=0xffffff6e fr.pc=0x000002cd74acfb58 relative=0x00000000000003b8
Event: 42.648 Thread 0x000002cd250fef30 Uncommon trap: reason=loop_limit_check action=maybe_recompile pc=0x000002cd74acfb58 method=org.gradle.api.internal.file.pattern.GreedyPathMatcher.matches([Ljava/lang/String;I)Z @ 34 c2
Event: 42.648 Thread 0x000002cd250fef30 DEOPT PACKING pc=0x000002cd74acfb58 sp=0x000000e1478faaf0
Event: 42.648 Thread 0x000002cd250fef30 DEOPT UNPACKING pc=0x000002cd742e4422 sp=0x000000e1478faa10 mode 2
Event: 42.683 Thread 0x000002cd22e6ec20 Uncommon trap: trap_request=0xffffff45 fr.pc=0x000002cd74eb2a88 relative=0x00000000000004a8
Event: 42.683 Thread 0x000002cd22e6ec20 Uncommon trap: reason=unstable_if action=reinterpret pc=0x000002cd74eb2a88 method=java.util.concurrent.ConcurrentLinkedQueue.offer(Ljava/lang/Object;)Z @ 42 c2
Event: 42.683 Thread 0x000002cd22e6ec20 DEOPT PACKING pc=0x000002cd74eb2a88 sp=0x000000e1471fba30
Event: 42.683 Thread 0x000002cd22e6ec20 DEOPT UNPACKING pc=0x000002cd742e4422 sp=0x000000e1471fb950 mode 2
Event: 43.162 Thread 0x000002cd2612fd90 Uncommon trap: trap_request=0xffffff45 fr.pc=0x000002cd74cd0b58 relative=0x00000000000002d8
Event: 43.162 Thread 0x000002cd2612fd90 Uncommon trap: reason=unstable_if action=reinterpret pc=0x000002cd74cd0b58 method=com.google.common.cache.LocalCache.isExpired(Lcom/google/common/cache/ReferenceEntry;J)Z @ 9 c2
Event: 43.162 Thread 0x000002cd2612fd90 DEOPT PACKING pc=0x000002cd74cd0b58 sp=0x000000e146df8f20
Event: 43.162 Thread 0x000002cd2612fd90 DEOPT UNPACKING pc=0x000002cd742e4422 sp=0x000000e146df8e48 mode 2
Event: 43.878 Thread 0x000002cd22e6ec20 DEOPT PACKING pc=0x000002cd6d7e6b17 sp=0x000000e1471fa9a0
Event: 43.878 Thread 0x000002cd22e6ec20 DEOPT UNPACKING pc=0x000002cd742e4bc2 sp=0x000000e1471f9eb0 mode 0
Event: 43.885 Thread 0x000002cd22e6ec20 DEOPT PACKING pc=0x000002cd6d7e6b17 sp=0x000000e1471fa9a0
Event: 43.885 Thread 0x000002cd22e6ec20 DEOPT UNPACKING pc=0x000002cd742e4bc2 sp=0x000000e1471f9eb0 mode 0
Event: 44.157 Thread 0x000002cd27db6910 DEOPT PACKING pc=0x000002cd6dbf4f27 sp=0x000000e14bcfd1e0
Event: 44.157 Thread 0x000002cd27db6910 DEOPT UNPACKING pc=0x000002cd742e4bc2 sp=0x000000e14bcfc6a0 mode 0
Event: 44.176 Thread 0x000002cd27db6910 DEOPT PACKING pc=0x000002cd6de6f44b sp=0x000000e14bcfd430
Event: 44.176 Thread 0x000002cd27db6910 DEOPT UNPACKING pc=0x000002cd742e4bc2 sp=0x000000e14bcfc8d8 mode 0

Classes loaded (20 events):
Event: 40.272 Loading class sun/security/ssl/Alert
Event: 40.273 Loading class sun/security/ssl/Alert done
Event: 40.273 Loading class sun/security/ssl/Alert$AlertConsumer
Event: 40.273 Loading class sun/security/ssl/Alert$AlertConsumer done
Event: 40.273 Loading class sun/security/ssl/Alert$Level
Event: 40.273 Loading class sun/security/ssl/Alert$Level done
Event: 41.360 Loading class java/net/InetAddress$CachedLocalHost
Event: 41.360 Loading class java/net/InetAddress$CachedLocalHost done
Event: 42.024 Loading class java/util/Collections$ReverseComparator
Event: 42.024 Loading class java/util/Collections$ReverseComparator done
Event: 42.024 Loading class java/util/Collections$ReverseComparator2
Event: 42.024 Loading class java/util/Collections$ReverseComparator2 done
Event: 42.547 Loading class java/io/SequenceInputStream
Event: 42.547 Loading class java/io/SequenceInputStream done
Event: 44.034 Loading class java/lang/ProcessBuilder$NullInputStream
Event: 44.034 Loading class java/lang/ProcessBuilder$NullInputStream done
Event: 44.035 Loading class java/util/concurrent/Semaphore$NonfairSync
Event: 44.035 Loading class java/util/concurrent/Semaphore$Sync
Event: 44.035 Loading class java/util/concurrent/Semaphore$Sync done
Event: 44.035 Loading class java/util/concurrent/Semaphore$NonfairSync done

Classes unloaded (20 events):
Event: 29.966 Thread 0x000002cd7f708e90 Unloading class 0x000002cd03cdd400 'java/lang/invoke/LambdaForm$MH+0x000002cd03cdd400'
Event: 29.966 Thread 0x000002cd7f708e90 Unloading class 0x000002cd03cdd000 'java/lang/invoke/LambdaForm$MH+0x000002cd03cdd000'
Event: 29.966 Thread 0x000002cd7f708e90 Unloading class 0x000002cd03cdd800 'java/lang/invoke/LambdaForm$MH+0x000002cd03cdd800'
Event: 29.966 Thread 0x000002cd7f708e90 Unloading class 0x000002cd03cdcc00 'java/lang/invoke/LambdaForm$DMH+0x000002cd03cdcc00'
Event: 29.966 Thread 0x000002cd7f708e90 Unloading class 0x000002cd03cdc400 'java/lang/invoke/LambdaForm$DMH+0x000002cd03cdc400'
Event: 29.966 Thread 0x000002cd7f708e90 Unloading class 0x000002cd03cdc800 'java/lang/invoke/LambdaForm$DMH+0x000002cd03cdc800'
Event: 29.966 Thread 0x000002cd7f708e90 Unloading class 0x000002cd03cdb400 'java/lang/invoke/LambdaForm$MH+0x000002cd03cdb400'
Event: 29.966 Thread 0x000002cd7f708e90 Unloading class 0x000002cd03cdb800 'java/lang/invoke/LambdaForm$MH+0x000002cd03cdb800'
Event: 29.966 Thread 0x000002cd7f708e90 Unloading class 0x000002cd03cdb000 'java/lang/invoke/LambdaForm$MH+0x000002cd03cdb000'
Event: 29.966 Thread 0x000002cd7f708e90 Unloading class 0x000002cd03cdac00 'java/lang/invoke/LambdaForm$MH+0x000002cd03cdac00'
Event: 29.966 Thread 0x000002cd7f708e90 Unloading class 0x000002cd03cda400 'java/lang/invoke/LambdaForm$MH+0x000002cd03cda400'
Event: 29.966 Thread 0x000002cd7f708e90 Unloading class 0x000002cd03cda000 'java/lang/invoke/LambdaForm$MH+0x000002cd03cda000'
Event: 29.966 Thread 0x000002cd7f708e90 Unloading class 0x000002cd03cd9800 'java/lang/invoke/LambdaForm$MH+0x000002cd03cd9800'
Event: 29.966 Thread 0x000002cd7f708e90 Unloading class 0x000002cd03cd9400 'java/lang/invoke/LambdaForm$MH+0x000002cd03cd9400'
Event: 29.966 Thread 0x000002cd7f708e90 Unloading class 0x000002cd03cd9000 'java/lang/invoke/LambdaForm$MH+0x000002cd03cd9000'
Event: 29.966 Thread 0x000002cd7f708e90 Unloading class 0x000002cd03cd8c00 'java/lang/invoke/LambdaForm$MH+0x000002cd03cd8c00'
Event: 29.966 Thread 0x000002cd7f708e90 Unloading class 0x000002cd03cd8000 'java/lang/invoke/LambdaForm$MH+0x000002cd03cd8000'
Event: 29.966 Thread 0x000002cd7f708e90 Unloading class 0x000002cd03cd8400 'java/lang/invoke/LambdaForm$MH+0x000002cd03cd8400'
Event: 29.966 Thread 0x000002cd7f708e90 Unloading class 0x000002cd03cc0c00 'java/lang/invoke/LambdaForm$MH+0x000002cd03cc0c00'
Event: 29.966 Thread 0x000002cd7f708e90 Unloading class 0x000002cd03cc0400 'java/lang/invoke/LambdaForm$DMH+0x000002cd03cc0400'

Classes redefined (0 events):
No events

Internal exceptions (20 events):
Event: 41.767 Thread 0x000002cd22754230 Exception <a 'java/lang/ClassNotFoundException'{0x00000000883872e8}: org/gradle/api/internal/DefaultNamedDomainObjectListCustomizer> (0x00000000883872e8) 
thrown [s\src\hotspot\share\classfile\systemDictionary.cpp, line 313]
Event: 41.771 Thread 0x000002cd22754230 Exception <a 'java/lang/ClassNotFoundException'{0x000000008821a6a8}: org/gradle/api/internal/artifacts/DefaultArtifactRepositoryContainerCustomizer> (0x000000008821a6a8) 
thrown [s\src\hotspot\share\classfile\systemDictionary.cpp, line 313]
Event: 41.775 Thread 0x000002cd22754230 Exception <a 'java/lang/ClassNotFoundException'{0x00000000882bb630}: org/gradle/api/internal/artifacts/dsl/DefaultRepositoryHandlerCustomizer> (0x00000000882bb630) 
thrown [s\src\hotspot\share\classfile\systemDictionary.cpp, line 313]
Event: 41.780 Thread 0x000002cd22754230 Exception <a 'java/lang/ClassNotFoundException'{0x000000008818e9d0}: org/gradle/api/internal/artifacts/dsl/DefaultRepositoryHandler_DecoratedCustomizer> (0x000000008818e9d0) 
thrown [s\src\hotspot\share\classfile\systemDictionary.cpp, line 313]
Event: 41.788 Thread 0x000002cd22754230 Exception <a 'java/lang/ClassNotFoundException'{0x0000000088031fa8}: org/gradle/api/internal/artifacts/dsl/dependencies/DefaultDependencyHandler_DecoratedBeanInfo> (0x0000000088031fa8) 
thrown [s\src\hotspot\share\classfile\systemDictionary.cpp, line 313]
Event: 41.789 Thread 0x000002cd22754230 Exception <a 'java/lang/ClassNotFoundException'{0x0000000088049508}: org/gradle/api/internal/artifacts/dsl/dependencies/DefaultDependencyHandlerBeanInfo> (0x0000000088049508) 
thrown [s\src\hotspot\share\classfile\systemDictionary.cpp, line 313]
Event: 41.789 Thread 0x000002cd22754230 Exception <a 'java/lang/ClassNotFoundException'{0x0000000088060a48}: org/gradle/api/internal/artifacts/dsl/dependencies/DefaultDependencyHandlerCustomizer> (0x0000000088060a48) 
thrown [s\src\hotspot\share\classfile\systemDictionary.cpp, line 313]
Event: 41.791 Thread 0x000002cd22754230 Exception <a 'java/lang/ClassNotFoundException'{0x00000000880bb358}: org/gradle/api/internal/artifacts/dsl/dependencies/DefaultDependencyHandler_DecoratedCustomizer> (0x00000000880bb358) 
thrown [s\src\hotspot\share\classfile\systemDictionary.cpp, line 313]
Event: 42.310 Thread 0x000002cd2476f0e0 Exception <a 'java/lang/NoSuchMethodError'{0x000000008ccaf680}: static Ljava/lang/Object;.<clinit>()V> (0x000000008ccaf680) 
thrown [s\src\hotspot\share\prims\jni.cpp, line 1111]
Event: 42.313 Thread 0x000002cd2476f0e0 Exception <a 'java/lang/NoSuchMethodError'{0x000000008cccfaf0}: static Lorg/jetbrains/kotlin/gradle/plugin/statistics/MetricContainer;.<clinit>()V> (0x000000008cccfaf0) 
thrown [s\src\hotspot\share\prims\jni.cpp, line 1111]
Event: 42.533 Thread 0x000002cd22e73450 Exception <a 'sun/nio/fs/WindowsException'{0x000000008a7077f8}> (0x000000008a7077f8) 
thrown [s\src\hotspot\share\prims\jni.cpp, line 520]
Event: 42.534 Thread 0x000002cd22e73450 Exception <a 'sun/nio/fs/WindowsException'{0x000000008a711518}> (0x000000008a711518) 
thrown [s\src\hotspot\share\prims\jni.cpp, line 520]
Event: 42.535 Thread 0x000002cd22e73450 Exception <a 'sun/nio/fs/WindowsException'{0x000000008a71ae58}> (0x000000008a71ae58) 
thrown [s\src\hotspot\share\prims\jni.cpp, line 520]
Event: 42.535 Thread 0x000002cd22e73450 Exception <a 'sun/nio/fs/WindowsException'{0x000000008a723c40}> (0x000000008a723c40) 
thrown [s\src\hotspot\share\prims\jni.cpp, line 520]
Event: 43.222 Thread 0x000002cd22e6ec20 Exception <a 'java/lang/NoSuchMethodError'{0x0000000089909288}: static Ljava/lang/Object;.<clinit>()V> (0x0000000089909288) 
thrown [s\src\hotspot\share\prims\jni.cpp, line 1111]
Event: 43.929 Thread 0x000002cd22e6ec20 Exception <a 'java/lang/NoSuchMethodError'{0x000000008ac986c0}: static Ljava/lang/Object;.<clinit>()V> (0x000000008ac986c0) 
thrown [s\src\hotspot\share\prims\jni.cpp, line 1111]
Event: 43.933 Thread 0x000002cd22e6ec20 Exception <a 'java/lang/NoSuchMethodError'{0x000000008accc490}: static Lorg/jetbrains/kotlin/incremental/ClasspathChanges$ClasspathSnapshotEnabled$NotAvailableForNonIncrementalRun;.<clinit>()V> (0x000000008accc490) 
thrown [s\src\hotspot\share\prims\jni.cpp, line 1111]
Event: 43.934 Thread 0x000002cd22e6ec20 Exception <a 'java/lang/NoSuchMethodError'{0x000000008acce540}: static Lorg/jetbrains/kotlin/incremental/ClasspathChanges$ClasspathSnapshotEnabled;.<clinit>()V> (0x000000008acce540) 
thrown [s\src\hotspot\share\prims\jni.cpp, line 1111]
Event: 43.934 Thread 0x000002cd22e6ec20 Exception <a 'java/lang/NoSuchMethodError'{0x000000008acd0700}: static Lorg/jetbrains/kotlin/incremental/ClasspathChanges;.<clinit>()V> (0x000000008acd0700) 
thrown [s\src\hotspot\share\prims\jni.cpp, line 1111]
Event: 44.007 Thread 0x000002cd27db6910 Exception <a 'java/lang/NoSuchMethodError'{0x000000008a88e9c8}: 'int java.lang.invoke.DirectMethodHandle$Holder.invokeStatic(java.lang.Object, long)'> (0x000000008a88e9c8) 
thrown [s\src\hotspot\share\interpreter\linkResolver.cpp, line 773]

ZGC Phase Switch (0 events):
No events

VM Operations (20 events):
Event: 42.206 Executing safepoint VM operation: ICBufferFull
Event: 42.206 Executing safepoint VM operation: ICBufferFull done
Event: 42.499 Executing safepoint VM operation: ICBufferFull
Event: 42.499 Executing safepoint VM operation: ICBufferFull done
Event: 42.499 Executing safepoint VM operation: ICBufferFull
Event: 42.499 Executing safepoint VM operation: ICBufferFull done
Event: 42.499 Executing safepoint VM operation: ICBufferFull
Event: 42.499 Executing safepoint VM operation: ICBufferFull done
Event: 42.550 Executing non-safepoint VM operation: HandshakeAllThreads (Deoptimize)
Event: 42.551 Executing non-safepoint VM operation: HandshakeAllThreads (Deoptimize) done
Event: 43.258 Executing safepoint VM operation: G1CollectForAllocation (G1 Evacuation Pause)
Event: 43.264 Executing safepoint VM operation: G1CollectForAllocation (G1 Evacuation Pause) done
Event: 43.856 Executing safepoint VM operation: ICBufferFull
Event: 43.856 Executing safepoint VM operation: ICBufferFull done
Event: 44.040 Executing non-safepoint VM operation: HandshakeAllThreads (Deoptimize)
Event: 44.041 Executing non-safepoint VM operation: HandshakeAllThreads (Deoptimize) done
Event: 44.044 Executing non-safepoint VM operation: HandshakeAllThreads (Deoptimize)
Event: 44.045 Executing non-safepoint VM operation: HandshakeAllThreads (Deoptimize) done
Event: 45.045 Executing safepoint VM operation: Cleanup
Event: 45.045 Executing safepoint VM operation: Cleanup done

Memory protections (0 events):
No events

Nmethod flushes (20 events):
Event: 42.043 Thread 0x000002cd7f708e90 flushing  nmethod 0x000002cd6cd7d510
Event: 42.043 Thread 0x000002cd7f708e90 flushing  nmethod 0x000002cd6cd82c10
Event: 42.043 Thread 0x000002cd7f708e90 flushing  nmethod 0x000002cd6ce04e90
Event: 42.043 Thread 0x000002cd7f708e90 flushing  nmethod 0x000002cd6ced5a10
Event: 42.043 Thread 0x000002cd7f708e90 flushing  nmethod 0x000002cd6d09ec10
Event: 42.043 Thread 0x000002cd7f708e90 flushing  nmethod 0x000002cd6d466d10
Event: 42.043 Thread 0x000002cd7f708e90 flushing  nmethod 0x000002cd6d4d2090
Event: 42.043 Thread 0x000002cd7f708e90 flushing  nmethod 0x000002cd6d55e010
Event: 42.043 Thread 0x000002cd7f708e90 flushing  nmethod 0x000002cd6d55f290
Event: 42.043 Thread 0x000002cd7f708e90 flushing  nmethod 0x000002cd6d6a1c10
Event: 42.043 Thread 0x000002cd7f708e90 flushing  nmethod 0x000002cd6d6e4410
Event: 42.043 Thread 0x000002cd7f708e90 flushing  nmethod 0x000002cd6d6e5890
Event: 42.043 Thread 0x000002cd7f708e90 flushing  nmethod 0x000002cd6d6e5c90
Event: 42.043 Thread 0x000002cd7f708e90 flushing  nmethod 0x000002cd6d6ea490
Event: 42.043 Thread 0x000002cd7f708e90 flushing  nmethod 0x000002cd6d7f7990
Event: 42.043 Thread 0x000002cd7f708e90 flushing  nmethod 0x000002cd6d821310
Event: 42.043 Thread 0x000002cd7f708e90 flushing  nmethod 0x000002cd6de73610
Event: 42.043 Thread 0x000002cd7f708e90 flushing  nmethod 0x000002cd6e17b090
Event: 42.043 Thread 0x000002cd7f708e90 flushing  nmethod 0x000002cd6e17d190
Event: 42.043 Thread 0x000002cd7f708e90 flushing  nmethod 0x000002cd6e23cf90

Events (20 events):
Event: 35.879 Thread 0x000002cd22754230 Thread added: 0x000002cd258b3740
Event: 37.248 Thread 0x000002cd22754230 Thread added: 0x000002cd258b4af0
Event: 37.276 Thread 0x000002cd22754230 Thread added: 0x000002cd258b5810
Event: 37.647 Thread 0x000002cd22754230 Thread added: 0x000002cd258b5180
Event: 40.274 Thread 0x000002cd22754230 Thread added: 0x000002cd2476f0e0
Event: 41.733 Thread 0x000002cd22754230 Thread added: 0x000002cd24776d90
Event: 42.307 Thread 0x000002cd22754230 Thread added: 0x000002cd27db20e0
Event: 42.307 Thread 0x000002cd22754230 Thread added: 0x000002cd27db3490
Event: 42.308 Thread 0x000002cd22e72dc0 Thread added: 0x000002cd27db3b20
Event: 42.309 Thread 0x000002cd22e72730 Thread added: 0x000002cd27db6280
Event: 42.531 Thread 0x000002cd22e6f940 Thread added: 0x000002cd27db6910
Event: 42.541 Thread 0x000002cd258b4460 Thread added: 0x000002cd27db6fa0
Event: 42.561 Thread 0x000002cd24777ab0 Thread added: 0x000002cd27db7630
Event: 43.438 Thread 0x000002cd2612fd90 Thread added: 0x000002cd27db4840
Event: 43.446 Thread 0x000002cd2476d6a0 Thread added: 0x000002cd27db5560
Event: 43.527 Thread 0x000002cd24777ab0 Thread added: 0x000002cd27db2770
Event: 43.943 Thread 0x000002cd22e6ec20 Thread added: 0x000002cd27db89e0
Event: 44.051 Thread 0x000002cd27db6910 Thread added: 0x000002cd27dbaab0
Event: 44.153 Thread 0x000002cd27dbaab0 Thread exited: 0x000002cd27dbaab0
Event: 44.176 Thread 0x000002cd27db6910 Thread added: 0x000002cd27db9070


Dynamic libraries:
0x00007ff7777f0000 - 0x00007ff7777fe000 	C:\Users\programador.02\.windsurf\extensions\redhat.java-1.55.0-win32-x64\jre\21.0.11-win32-x86_64\bin\java.exe
0x00007ff9998c0000 - 0x00007ff999b26000 	C:\WINDOWS\SYSTEM32\ntdll.dll
0x00007ff999160000 - 0x00007ff999229000 	C:\WINDOWS\System32\KERNEL32.DLL
0x00007ff996d20000 - 0x00007ff99711f000 	C:\WINDOWS\System32\KERNELBASE.dll
0x00007ff996b90000 - 0x00007ff996cdc000 	C:\WINDOWS\System32\ucrtbase.dll
0x00007ff9732c0000 - 0x00007ff9732d8000 	C:\Users\programador.02\.windsurf\extensions\redhat.java-1.55.0-win32-x64\jre\21.0.11-win32-x86_64\bin\jli.dll
0x00007ff997a70000 - 0x00007ff997c36000 	C:\WINDOWS\System32\USER32.dll
0x00007ff9429c0000 - 0x00007ff9429de000 	C:\Users\programador.02\.windsurf\extensions\redhat.java-1.55.0-win32-x64\jre\21.0.11-win32-x86_64\bin\VCRUNTIME140.dll
0x00007ff97ce80000 - 0x00007ff97d111000 	C:\WINDOWS\WinSxS\amd64_microsoft.windows.common-controls_6595b64144ccf1df_6.0.26100.8972_none_3e0da176e32f9d4b\COMCTL32.dll
0x00007ff996cf0000 - 0x00007ff996d17000 	C:\WINDOWS\System32\win32u.dll
0x00007ff998b60000 - 0x00007ff998b8b000 	C:\WINDOWS\System32\GDI32.dll
0x00007ff997710000 - 0x00007ff9977b9000 	C:\WINDOWS\System32\msvcrt.dll
0x00007ff9971e0000 - 0x00007ff997309000 	C:\WINDOWS\System32\gdi32full.dll
0x00007ff997130000 - 0x00007ff9971d3000 	C:\WINDOWS\System32\msvcp_win.dll
0x00007ff998940000 - 0x00007ff998972000 	C:\WINDOWS\System32\IMM32.DLL
0x00007ff990ab0000 - 0x00007ff990abc000 	C:\Users\programador.02\.windsurf\extensions\redhat.java-1.55.0-win32-x64\jre\21.0.11-win32-x86_64\bin\vcruntime140_1.dll
0x00007ff914450000 - 0x00007ff9144dd000 	C:\Users\programador.02\.windsurf\extensions\redhat.java-1.55.0-win32-x64\jre\21.0.11-win32-x86_64\bin\msvcp140.dll
0x00007ff8f8b60000 - 0x00007ff8f9902000 	C:\Users\programador.02\.windsurf\extensions\redhat.java-1.55.0-win32-x64\jre\21.0.11-win32-x86_64\bin\server\jvm.dll
0x00007ff998f40000 - 0x00007ff998ffc000 	C:\WINDOWS\System32\ADVAPI32.dll
0x00007ff999020000 - 0x00007ff9990c9000 	C:\WINDOWS\System32\sechost.dll
0x00007ff9975f0000 - 0x00007ff997708000 	C:\WINDOWS\System32\RPCRT4.dll
0x00007ff9990d0000 - 0x00007ff999152000 	C:\WINDOWS\System32\WS2_32.dll
0x00007ff996930000 - 0x00007ff99698e000 	C:\WINDOWS\SYSTEM32\POWRPROF.dll
0x00007ff9903d0000 - 0x00007ff990406000 	C:\WINDOWS\SYSTEM32\WINMM.dll
0x00007ff98bd90000 - 0x00007ff98bd9b000 	C:\WINDOWS\SYSTEM32\VERSION.dll
0x00007ff996910000 - 0x00007ff996925000 	C:\WINDOWS\SYSTEM32\UMPDC.dll
0x00007ff9957c0000 - 0x00007ff9957db000 	C:\WINDOWS\SYSTEM32\kernel.appcore.dll
0x00007ff94feb0000 - 0x00007ff94feba000 	C:\Users\programador.02\.windsurf\extensions\redhat.java-1.55.0-win32-x64\jre\21.0.11-win32-x86_64\bin\jimage.dll
0x00007ff994030000 - 0x00007ff994272000 	C:\WINDOWS\SYSTEM32\DBGHELP.DLL
0x00007ff998540000 - 0x00007ff9988c5000 	C:\WINDOWS\System32\combase.dll
0x00007ff998a80000 - 0x00007ff998b59000 	C:\WINDOWS\System32\OLEAUT32.dll
0x00007ff987a10000 - 0x00007ff987a4b000 	C:\WINDOWS\SYSTEM32\dbgcore.DLL
0x00007ff996ad0000 - 0x00007ff996b7c000 	C:\WINDOWS\System32\bcryptPrimitives.dll
0x00007ff94f1f0000 - 0x00007ff94f1ff000 	C:\Users\programador.02\.windsurf\extensions\redhat.java-1.55.0-win32-x64\jre\21.0.11-win32-x86_64\bin\instrument.dll
0x00007ff914430000 - 0x00007ff914450000 	C:\Users\programador.02\.windsurf\extensions\redhat.java-1.55.0-win32-x64\jre\21.0.11-win32-x86_64\bin\java.dll
0x00007ff997db0000 - 0x00007ff998538000 	C:\WINDOWS\System32\SHELL32.dll
0x00007ff994380000 - 0x00007ff994c1b000 	C:\WINDOWS\SYSTEM32\windows.storage.dll
0x00007ff999230000 - 0x00007ff999329000 	C:\WINDOWS\System32\SHCORE.dll
0x00007ff9988d0000 - 0x00007ff998936000 	C:\WINDOWS\System32\shlwapi.dll
0x00007ff9969f0000 - 0x00007ff996a19000 	C:\WINDOWS\SYSTEM32\profapi.dll
0x00007ff913710000 - 0x00007ff913728000 	C:\Users\programador.02\.windsurf\extensions\redhat.java-1.55.0-win32-x64\jre\21.0.11-win32-x86_64\bin\zip.dll
0x00007ff94fbe0000 - 0x00007ff94fbf0000 	C:\Users\programador.02\.windsurf\extensions\redhat.java-1.55.0-win32-x64\jre\21.0.11-win32-x86_64\bin\net.dll
0x00007ff990540000 - 0x00007ff990667000 	C:\WINDOWS\SYSTEM32\WINHTTP.dll
0x00007ff995d70000 - 0x00007ff995ddc000 	C:\WINDOWS\system32\mswsock.dll
0x00007ff9136f0000 - 0x00007ff913706000 	C:\Users\programador.02\.windsurf\extensions\redhat.java-1.55.0-win32-x64\jre\21.0.11-win32-x86_64\bin\nio.dll
0x00007ff946b40000 - 0x00007ff946b50000 	C:\Users\programador.02\.windsurf\extensions\redhat.java-1.55.0-win32-x64\jre\21.0.11-win32-x86_64\bin\verify.dll
0x00007ff951ca0000 - 0x00007ff951cc7000 	C:\Users\programador.02\.gradle\native\1def1411415f61bf3af743bc5b6707747c0891f09f0c88961ee8f79bc544acac\windows-amd64\native-platform.dll
0x00007ff93aff0000 - 0x00007ff93b068000 	C:\Users\programador.02\.gradle\native\0.2.7\x86_64-windows-gnu\gradle-fileevents.dll
0x00007ff951990000 - 0x00007ff95199a000 	C:\Users\programador.02\.windsurf\extensions\redhat.java-1.55.0-win32-x64\jre\21.0.11-win32-x86_64\bin\management.dll
0x00007ff946a40000 - 0x00007ff946a4c000 	C:\Users\programador.02\.windsurf\extensions\redhat.java-1.55.0-win32-x64\jre\21.0.11-win32-x86_64\bin\management_ext.dll
0x00007ff998f30000 - 0x00007ff998f38000 	C:\WINDOWS\System32\PSAPI.DLL
0x00007ff994f70000 - 0x00007ff994fa3000 	C:\WINDOWS\SYSTEM32\IPHLPAPI.DLL
0x00007ff999010000 - 0x00007ff99901a000 	C:\WINDOWS\System32\NSI.dll
0x00007ff9519a0000 - 0x00007ff9519a9000 	C:\Users\programador.02\.windsurf\extensions\redhat.java-1.55.0-win32-x64\jre\21.0.11-win32-x86_64\bin\extnet.dll
0x00007ff996060000 - 0x00007ff99607b000 	C:\WINDOWS\SYSTEM32\CRYPTSP.dll
0x00007ff995720000 - 0x00007ff995759000 	C:\WINDOWS\system32\rsaenh.dll
0x00007ff995e20000 - 0x00007ff995e52000 	C:\WINDOWS\SYSTEM32\USERENV.dll
0x00007ff9969c0000 - 0x00007ff9969ea000 	C:\WINDOWS\SYSTEM32\bcrypt.dll
0x00007ff996080000 - 0x00007ff99608c000 	C:\WINDOWS\SYSTEM32\CRYPTBASE.dll
0x00007ff9519b0000 - 0x00007ff9519be000 	C:\Users\programador.02\.windsurf\extensions\redhat.java-1.55.0-win32-x64\jre\21.0.11-win32-x86_64\bin\sunmscapi.dll
0x00007ff9973d0000 - 0x00007ff99754e000 	C:\WINDOWS\System32\CRYPT32.dll
0x00007ff9962a0000 - 0x00007ff9962d0000 	C:\WINDOWS\SYSTEM32\ncrypt.dll
0x00007ff996250000 - 0x00007ff99628f000 	C:\WINDOWS\SYSTEM32\NTASN1.dll
0x00007ff952f70000 - 0x00007ff952f78000 	C:\WINDOWS\system32\wshunix.dll
0x00007ff986b00000 - 0x00007ff986b07000 	C:\Users\programador.02\.windsurf\extensions\redhat.java-1.55.0-win32-x64\jre\21.0.11-win32-x86_64\bin\rmi.dll
0x00007ff994fb0000 - 0x00007ff995108000 	C:\WINDOWS\SYSTEM32\DNSAPI.dll
0x00007ff995b70000 - 0x00007ff995b7d000 	C:\WINDOWS\SYSTEM32\DSPARSE.dll
0x00007ff990320000 - 0x00007ff99032b000 	C:\Windows\System32\rasadhlp.dll
0x00007ff9907e0000 - 0x00007ff990866000 	C:\WINDOWS\System32\fwpuclnt.dll
0x00007ff94fb50000 - 0x00007ff94fb68000 	C:\WINDOWS\system32\napinsp.dll
0x00007ff94fb70000 - 0x00007ff94fb83000 	C:\WINDOWS\System32\winrnr.dll
0x00007ff94fb90000 - 0x00007ff94fbb2000 	C:\WINDOWS\system32\nlansp_c.dll
0x00007ff94fbc0000 - 0x00007ff94fbd6000 	C:\WINDOWS\system32\wshbth.dll

JVMTI agents:
C:\Users\programador.02\.gradle\wrapper\dists\gradle-8.14.3-bin\cv11ve7ro1n3o1j4so8xd9n66\gradle-8.14.3\lib\agents\gradle-instrumentation-agent-8.14.3.jar path:C:\Users\programador.02\.windsurf\extensions\redhat.java-1.55.0-win32-x64\jre\21.0.11-win32-x86_64\bin\instrument.dll, loaded, initialized, instrumentlib options:none

dbghelp: loaded successfully - version: 4.0.5 - missing functions: none
symbol engine: initialized successfully - sym options: 0x614 - pdb path: .;C:\Users\programador.02\.windsurf\extensions\redhat.java-1.55.0-win32-x64\jre\21.0.11-win32-x86_64\bin;C:\WINDOWS\SYSTEM32;C:\WINDOWS\WinSxS\amd64_microsoft.windows.common-controls_6595b64144ccf1df_6.0.26100.8972_none_3e0da176e32f9d4b;C:\Users\programador.02\.windsurf\extensions\redhat.java-1.55.0-win32-x64\jre\21.0.11-win32-x86_64\bin\server;C:\Users\programador.02\.gradle\native\1def1411415f61bf3af743bc5b6707747c0891f09f0c88961ee8f79bc544acac\windows-amd64;C:\Users\programador.02\.gradle\native\0.2.7\x86_64-windows-gnu

VM Arguments:
jvm_args: --add-opens=java.base/java.lang=ALL-UNNAMED --add-opens=java.base/java.lang.invoke=ALL-UNNAMED --add-opens=java.base/java.util=ALL-UNNAMED --add-opens=java.prefs/java.util.prefs=ALL-UNNAMED --add-exports=jdk.compiler/com.sun.tools.javac.api=ALL-UNNAMED --add-exports=jdk.compiler/com.sun.tools.javac.util=ALL-UNNAMED --add-opens=java.base/java.util=ALL-UNNAMED --add-opens=java.prefs/java.util.prefs=ALL-UNNAMED --add-opens=java.base/java.nio.charset=ALL-UNNAMED --add-opens=java.base/java.net=ALL-UNNAMED --add-opens=java.base/java.util.concurrent.atomic=ALL-UNNAMED --add-opens=java.xml/javax.xml.namespace=ALL-UNNAMED -XX:MaxMetaspaceSize=512m -Xmx2048m -Dfile.encoding=UTF-8 -Duser.country=PE -Duser.language=es -Duser.variant -javaagent:C:\Users\programador.02\.gradle\wrapper\dists\gradle-8.14.3-bin\cv11ve7ro1n3o1j4so8xd9n66\gradle-8.14.3\lib\agents\gradle-instrumentation-agent-8.14.3.jar 
java_command: org.gradle.launcher.daemon.bootstrap.GradleDaemon 8.14.3
java_class_path (initial): C:\Users\programador.02\.gradle\wrapper\dists\gradle-8.14.3-bin\cv11ve7ro1n3o1j4so8xd9n66\gradle-8.14.3\lib\gradle-daemon-main-8.14.3.jar
Launcher Type: SUN_STANDARD

[Global flags]
     intx CICompilerCount                          = 4                                         {product} {ergonomic}
   size_t CompressedClassSpaceSize                 = 436207616                                 {product} {ergonomic}
     uint ConcGCThreads                            = 3                                         {product} {ergonomic}
     uint G1ConcRefinementThreads                  = 10                                        {product} {ergonomic}
   size_t G1HeapRegionSize                         = 1048576                                   {product} {ergonomic}
    uintx GCDrainStackTargetSize                   = 64                                        {product} {ergonomic}
   size_t InitialHeapSize                          = 264241152                                 {product} {ergonomic}
   size_t MarkStackSize                            = 4194304                                   {product} {ergonomic}
   size_t MaxHeapSize                              = 2147483648                                {product} {command line}
   size_t MaxMetaspaceSize                         = 536870912                                 {product} {command line}
   size_t MaxNewSize                               = 1287651328                                {product} {ergonomic}
   size_t MinHeapDeltaBytes                        = 1048576                                   {product} {ergonomic}
   size_t MinHeapSize                              = 8388608                                   {product} {ergonomic}
    uintx NonNMethodCodeHeapSize                   = 5839372                                {pd product} {ergonomic}
    uintx NonProfiledCodeHeapSize                  = 122909434                              {pd product} {ergonomic}
    uintx ProfiledCodeHeapSize                     = 122909434                              {pd product} {ergonomic}
    uintx ReservedCodeCacheSize                    = 251658240                              {pd product} {ergonomic}
     bool SegmentedCodeCache                       = true                                      {product} {ergonomic}
   size_t SoftMaxHeapSize                          = 2147483648                             {manageable} {ergonomic}
     bool UseCompressedOops                        = true                           {product lp64_product} {ergonomic}
     bool UseG1GC                                  = true                                      {product} {ergonomic}
     bool UseLargePagesIndividualAllocation        = false                                  {pd product} {ergonomic}

Logging:
Log output configuration:
 #0: stdout all=warning uptime,level,tags foldmultilines=false
 #1: stderr all=off uptime,level,tags foldmultilines=false

Release file:
JAVA_VERSION="21.0.11" 
MODULES="java.base java.compiler java.datatransfer java.xml java.prefs java.desktop java.instrument java.logging java.management java.security.sasl java.naming java.rmi java.management.rmi java.net.http java.scripting java.security.jgss java.transaction.xa java.sql java.sql.rowset java.xml.crypto java.se java.smartcardio jdk.accessibility jdk.internal.jvmstat jdk.attach jdk.charsets jdk.internal.opt jdk.zipfs jdk.compiler jdk.crypto.ec jdk.crypto.cryptoki jdk.crypto.mscapi jdk.dynalink jdk.internal.ed jdk.editpad jdk.hotspot.agent jdk.httpserver jdk.internal.le jdk.internal.vm.ci jdk.internal.vm.compiler jdk.internal.vm.compiler.management jdk.jartool jdk.javadoc jdk.jcmd jdk.management jdk.management.agent jdk.jconsole jdk.jdeps jdk.jdwp.agent jdk.jdi jdk.jfr jdk.jshell jdk.jsobject jdk.jstatd jdk.localedata jdk.management.jfr jdk.naming.dns jdk.naming.rmi jdk.net jdk.nio.mapmode jdk.random jdk.sctp jdk.security.auth jdk.security.jgss jdk.unsupported jdk.unsupported.desktop jdk.xml.dom" 

Environment Variables:
JAVA_HOME=C:\Program Files\Microsoft\jdk-17.0.15.6-hotspot
PATH=C:\Program Files\Microsoft\jdk-17.0.15.6-hotspot\bin;C:\db\product\21.0.0\client_1\bin;C:\WINDOWS\system32;C:\WINDOWS;C:\WINDOWS\System32\Wbem;C:\WINDOWS\System32\WindowsPowerShell\v1.0\;C:\WINDOWS\System32\OpenSSH\;C:\Program Files\nodejs\;C:\Program Files\Microsoft SQL Server\150\Tools\Binn\;C:\Program Files\Microsoft SQL Server\Client SDK\ODBC\170\Tools\Binn\;C:\Program Files\Git\cmd;C:\tizen-studio\tools\ide\bin;C:\tizen-studio\tools;C:\Program Files\dotnet\;C:\php-8.2;D:\Android\cmdline-tools\latest\bin;D:\Android\platform-tools;C:\Program Files\PowerShell\7\;C:\Users\programador.02\AppData\Local\Programs\Python\Launcher\;C:\Users\programador.02\AppData\Local\Microsoft\WindowsApps;C:\Users\programador.02\AppData\Local\Programs\Microsoft VS Code\bin;C:\Users\programador.02\AppData\Roaming\npm;C:\Users\programador.02\.dotnet\tools;C:\Program Files\JetBrains\WebStorm 2025.1.3\bin;C:\Program Files\JetBrains\PhpStorm 2025.1.3\bin;C:\Users\programador.02\AppData\Local\Programs\Windsurf\bin;D:\Android\cmdline-tools\latest\bin;D:\Android\platform-tools;
USERNAME=programador.02
OS=Windows_NT
PROCESSOR_IDENTIFIER=Intel64 Family 6 Model 186 Stepping 3, GenuineIntel
TMP=C:\Users\PROGRA~1.02\AppData\Local\Temp
TEMP=C:\Users\PROGRA~1.02\AppData\Local\Temp




Periodic native trim disabled

---------------  S Y S T E M  ---------------

OS:
 Windows 11 , 64 bit Build 26100 (10.0.26100.8972)
OS uptime: 0 days 3:58 hours

CPU: total 12 (initial active 12) (6 cores per cpu, 2 threads per core) family 6 model 186 stepping 3 microcode 0x4123, cx8, cmov, fxsr, ht, mmx, 3dnowpref, sse, sse2, sse3, ssse3, sse4.1, sse4.2, popcnt, lzcnt, tsc, tscinvbit, avx, avx2, aes, erms, clmul, bmi1, bmi2, adx, sha, fma, vzeroupper, clflush, clflushopt, clwb, serialize, rdtscp, rdpid, fsrm, f16c, pku, cet_ibt, cet_ss
Processor Information for processor 0
  Max Mhz: 1700, Current Mhz: 1700, Mhz Limit: 1700
Processor Information for processor 1
  Max Mhz: 1700, Current Mhz: 1700, Mhz Limit: 1700
Processor Information for processor 2
  Max Mhz: 1700, Current Mhz: 1700, Mhz Limit: 1700
Processor Information for processor 3
  Max Mhz: 1700, Current Mhz: 1700, Mhz Limit: 1700
Processor Information for processor 4
  Max Mhz: 1700, Current Mhz: 1200, Mhz Limit: 1190
Processor Information for processor 5
  Max Mhz: 1700, Current Mhz: 1200, Mhz Limit: 1190
Processor Information for processor 6
  Max Mhz: 1700, Current Mhz: 1200, Mhz Limit: 1190
Processor Information for processor 7
  Max Mhz: 1700, Current Mhz: 1200, Mhz Limit: 1190
Processor Information for processor 8
  Max Mhz: 1700, Current Mhz: 1200, Mhz Limit: 1190
Processor Information for processor 9
  Max Mhz: 1700, Current Mhz: 1200, Mhz Limit: 1190
Processor Information for processor 10
  Max Mhz: 1700, Current Mhz: 1200, Mhz Limit: 1190
Processor Information for processor 11
  Max Mhz: 1700, Current Mhz: 1200, Mhz Limit: 1190

Memory: 4k page, system-wide physical 16107M (405M free)
TotalPageFile size 41619M (AvailPageFile size 42M)
current process WorkingSet (physical memory assigned to process): 532M, peak: 535M
current process commit charge ("private bytes"): 572M, peak: 576M

vm_info: OpenJDK 64-Bit Server VM (21.0.11+10-LTS) for windows-amd64 JRE (21.0.11+10-LTS), built on 2026-04-21T00:00:00Z by "admin" with MS VC++ 17.12 (VS2022)

END.
